排名,中文域名,Punycode,字数,词频,词性,英文释义,类别,综合推荐分,年费USD,注册周期年,购买验证链接,验证时间UTC,词典来源
1,当下.com,xn--ghq143b.com,2,4358,t,immediately; at once; at that moment; at the moment,通用品牌,99.9,11.25,1,https://vercel.com/domains/search?q=xn--ghq143b.com,2026-07-23T18:21:29.174Z,Jieba + CC-CEDICT
2,清醒.com,xn--c5w817e.com,2,1445,a,clear-headed; sober; awake,生活审美,99.9,11.25,1,https://vercel.com/domains/search?q=xn--c5w817e.com,2026-07-23T18:24:48.083Z,Jieba + CC-CEDICT
3,大气.com,xn--pss635b.com,2,1927,n,atmosphere (surrounding the earth); imposing; impressive; stylish,通用品牌,99.8,11.25,1,https://vercel.com/domains/search?q=xn--pss635b.com,2026-07-23T18:21:29.174Z,Jieba + CC-CEDICT
4,内涵.com,xn--v6q000e.com,2,1100,n,meaningful content; implication; (semantics) connotation; inner qualities (of a person),通用品牌,99.8,11.25,1,https://vercel.com/domains/search?q=xn--v6q000e.com,2026-07-23T18:24:48.084Z,Jieba + CC-CEDICT
5,心灵.com,xn--15tp58a.com,2,1411,n,bright; smart; quick-witted; heart; thoughts; spirit,品质价值,99.8,11.25,1,https://vercel.com/domains/search?q=xn--15tp58a.com,2026-07-23T18:21:29.174Z,Jieba + CC-CEDICT
6,光芒.com,xn--54q841j.com,2,1838,n,rays of light; brilliant rays; radiance,生活审美,99.8,11.25,1,https://vercel.com/domains/search?q=xn--54q841j.com,2026-07-23T18:21:29.174Z,Jieba + CC-CEDICT
7,眼光.com,xn--54qz83g.com,2,2009,n,gaze; insight; foresight; vision; way of looking at things,生活审美,99.7,11.25,1,https://vercel.com/domains/search?q=xn--54qz83g.com,2026-07-23T18:21:29.174Z,Jieba + CC-CEDICT
8,前景.com,xn--ldrs40c.com,2,1663,n,foreground; vista; (future) prospects; perspective,生活审美,99.7,11.25,1,https://vercel.com/domains/search?q=xn--ldrs40c.com,2026-07-23T18:21:29.174Z,Jieba + CC-CEDICT
9,实力.com,xn--tfrp3s.com,2,5304,n,strength,商业价值,99.7,11.25,1,https://vercel.com/domains/search?q=xn--tfrp3s.com,2026-07-23T18:17:37.656Z,Jieba + CC-CEDICT
10,成就.com,xn--xft99k.com,2,3599,n,accomplishment; success; achievement; CL:個|个[ge4]; to achieve (a result); to create; to bring about,通用品牌,99.6,11.25,1,https://vercel.com/domains/search?q=xn--xft99k.com,2026-07-23T18:21:29.174Z,Jieba + CC-CEDICT
11,理念.com,xn--h7tp06b.com,2,1204,n,idea; concept; philosophy; theory,通用品牌,99.6,11.25,1,https://vercel.com/domains/search?q=xn--h7tp06b.com,2026-07-23T18:24:48.084Z,Jieba + CC-CEDICT
12,开创.com,xn--5br272a.com,2,1741,v,to initiate; to start; to found,通用品牌,99.6,11.25,1,https://vercel.com/domains/search?q=xn--5br272a.com,2026-07-23T18:28:33.157Z,Jieba + CC-CEDICT
13,活跃.com,xn--kzwy70e.com,2,1628,vn,active; lively; excited; to enliven; to brighten up,通用品牌,99.5,11.25,1,https://vercel.com/domains/search?q=xn--kzwy70e.com,2026-07-23T18:24:48.083Z,Jieba + CC-CEDICT
14,节奏.com,xn--utsr27g.com,2,1173,n,rhythm; tempo; musical pulse; cadence; beat,通用品牌,99.5,11.25,1,https://vercel.com/domains/search?q=xn--utsr27g.com,2026-07-23T18:24:48.084Z,Jieba + CC-CEDICT
15,明亮.com,xn--3lqs38c.com,2,842,a,bright; shining; glittering; to become clear,通用品牌,99.5,11.25,1,https://vercel.com/domains/search?q=xn--3lqs38c.com,2026-07-23T18:28:33.159Z,Jieba + CC-CEDICT
16,美誉.com,xn--lt0aw8t.com,2,651,n,good name; good reputation,生活审美,99.5,11.25,1,https://vercel.com/domains/search?q=xn--lt0aw8t.com,2026-07-23T18:28:33.159Z,Jieba + CC-CEDICT
17,流芳.com,xn--qzwm17b.com,2,545,n,to leave a good reputation,通用品牌,99.4,11.25,1,https://vercel.com/domains/search?q=xn--qzwm17b.com,2026-07-23T18:36:19.167Z,Jieba + CC-CEDICT
18,声誉.com,xn--4qs276i.com,2,574,n,reputation; fame,内容文化,99.4,11.25,1,https://vercel.com/domains/search?q=xn--4qs276i.com,2026-07-23T18:36:19.167Z,Jieba + CC-CEDICT
19,信赖.com,xn--vuq311m.com,2,395,n,to trust; to have confidence in; to have faith in; to rely on,品质价值,99.4,11.25,1,https://vercel.com/domains/search?q=xn--vuq311m.com,2026-07-23T18:36:19.167Z,Jieba + CC-CEDICT
20,真情.com,xn--feu901c.com,2,385,n,real situation; the truth; true emotions; true feelings,品质价值,99.3,11.25,1,https://vercel.com/domains/search?q=xn--feu901c.com,2026-07-23T18:36:19.167Z,Jieba + CC-CEDICT
21,诗文.com,xn--7dvt66f.com,2,1026,n,poetry and literature,内容文化,99.3,11.25,1,https://vercel.com/domains/search?q=xn--7dvt66f.com,2026-07-23T18:24:48.083Z,Jieba + CC-CEDICT
22,诗集.com,xn--ge3a88s.com,2,575,n,poetry anthology,内容文化,99.3,11.25,1,https://vercel.com/domains/search?q=xn--ge3a88s.com,2026-07-23T18:36:19.165Z,Jieba + CC-CEDICT
23,图册.com,xn--26qp6k.com,2,1957,n,book of pictures or charts; (math.) atlas,内容文化,99.2,11.25,1,https://vercel.com/domains/search?q=xn--26qp6k.com,2026-07-23T18:21:29.174Z,Jieba + CC-CEDICT
24,风雨.com,xn--ep5a90b.com,2,585,n,wind and rain; the elements; (fig.) trials and hardships,生活审美,99.2,11.25,1,https://vercel.com/domains/search?q=xn--ep5a90b.com,2026-07-23T18:36:19.165Z,Jieba + CC-CEDICT
25,清澈.com,xn--c5w45a.com,2,568,a,clear; limpid,生活审美,99.2,11.25,1,https://vercel.com/domains/search?q=xn--c5w45a.com,2026-07-23T18:36:19.165Z,Jieba + CC-CEDICT
26,寂静.com,xn--rcts00l.com,2,692,a,quiet,生活审美,99.2,11.25,1,https://vercel.com/domains/search?q=xn--rcts00l.com,2026-07-23T18:28:33.159Z,Jieba + CC-CEDICT
27,朦胧.com,xn--2pv468c.com,2,567,a,(literary) (of moonlight) dim; (literary) murky; indistinct,生活审美,99.1,11.25,1,https://vercel.com/domains/search?q=xn--2pv468c.com,2026-07-23T18:36:19.167Z,Jieba + CC-CEDICT
28,鲜美.com,xn--lt0az80d.com,2,1014,a,fresh and delicious; tasty,生活审美,99.1,11.25,1,https://vercel.com/domains/search?q=xn--lt0az80d.com,2026-07-23T18:24:48.083Z,Jieba + CC-CEDICT
29,悠久.com,xn--3iq506b.com,2,2461,a,"long (tradition, history etc)",通用品牌,99.1,11.25,1,https://vercel.com/domains/search?q=xn--3iq506b.com,2026-07-23T18:21:29.174Z,Jieba + CC-CEDICT
30,温和.com,xn--0trx90d.com,2,1352,a,mild; gentle; moderate,通用品牌,99.0,11.25,1,https://vercel.com/domains/search?q=xn--0trx90d.com,2026-07-23T18:24:48.083Z,Jieba + CC-CEDICT
31,热闹.com,xn--lrx630f.com,2,2022,a,bustling with noise and excitement; lively,通用品牌,99.0,11.25,1,https://vercel.com/domains/search?q=xn--lrx630f.com,2026-07-23T18:24:48.082Z,Jieba + CC-CEDICT
32,冷静.com,xn--b8qp11o.com,2,1102,a,calm; cool-headed; dispassionate; (of a place) deserted; quiet,生活审美,99.0,11.25,1,https://vercel.com/domains/search?q=xn--b8qp11o.com,2026-07-23T18:24:48.083Z,Jieba + CC-CEDICT
33,单纯.com,xn--4kru22h.com,2,1679,a,simple; pure; unsophisticated; merely; purely,通用品牌,98.9,11.25,1,https://vercel.com/domains/search?q=xn--4kru22h.com,2026-07-23T18:21:29.174Z,Jieba + CC-CEDICT
34,精细.com,xn--07zp5b.com,2,1616,a,fine; meticulous; careful,通用品牌,98.9,11.25,1,https://vercel.com/domains/search?q=xn--07zp5b.com,2026-07-23T18:24:48.082Z,Jieba + CC-CEDICT
35,精心.com,xn--15tz85d.com,2,1217,n,with utmost care; fine; meticulous; detailed,品质价值,98.9,11.25,1,https://vercel.com/domains/search?q=xn--15tz85d.com,2026-07-23T18:21:29.174Z,Jieba + CC-CEDICT
36,细心.com,xn--15t430e.com,2,511,n,meticulous; careful; attentive,品质价值,98.9,11.25,1,https://vercel.com/domains/search?q=xn--15t430e.com,2026-07-23T18:36:19.165Z,Jieba + CC-CEDICT
37,严谨.com,xn--6hqt52m.com,2,742,a,rigorous; strict; careful; (of writing) well organized; meticulous,品质价值,98.8,11.25,1,https://vercel.com/domains/search?q=xn--6hqt52m.com,2026-07-23T18:36:19.167Z,Jieba + CC-CEDICT
38,完整.com,xn--79s83u.com,2,4142,a,complete; intact,通用品牌,98.8,11.25,1,https://vercel.com/domains/search?q=xn--79s83u.com,2026-07-23T18:21:29.173Z,Jieba + CC-CEDICT
39,完好.com,xn--5ust1c.com,2,918,a,intact; in good condition,通用品牌,98.8,11.25,1,https://vercel.com/domains/search?q=xn--5ust1c.com,2026-07-23T18:28:33.157Z,Jieba + CC-CEDICT
40,鲜明.com,xn--2hv672j.com,2,1521,a,(of colors) bright; fresh and clear; clear-cut; distinct,生活审美,98.7,11.25,1,https://vercel.com/domains/search?q=xn--2hv672j.com,2026-07-23T18:21:29.174Z,Jieba + CC-CEDICT
41,正义.com,xn--7iq522e.com,2,2965,n,justice; righteousness; just; righteous; (in the titles of traditional commentaries) correct interpretation,品质价值,98.7,11.25,1,https://vercel.com/domains/search?q=xn--7iq522e.com,2026-07-23T18:21:29.174Z,Jieba + CC-CEDICT
42,尊严.com,xn--6hqp25a.com,2,1289,a,dignity; sanctity; honor; majesty,品质价值,98.7,11.25,1,https://vercel.com/domains/search?q=xn--6hqp25a.com,2026-07-23T18:24:48.084Z,Jieba + CC-CEDICT
43,良心.com,xn--15ts58e.com,2,728,a,conscience,品质价值,98.6,11.25,1,https://vercel.com/domains/search?q=xn--15ts58e.com,2026-07-23T18:28:33.159Z,Jieba + CC-CEDICT
44,品德.com,xn--jvry8w.com,2,2399,n,moral character,品质价值,98.6,11.25,1,https://vercel.com/domains/search?q=xn--jvry8w.com,2026-07-23T18:21:29.174Z,Jieba + CC-CEDICT
45,人品.com,xn--gmqu0m.com,2,442,n,character; moral strength; integrity; (coll.) looks; appearance; bearing,品质价值,98.6,11.25,1,https://vercel.com/domains/search?q=xn--gmqu0m.com,2026-07-23T18:36:19.165Z,Jieba + CC-CEDICT
46,原则.com,xn--3brx0b.com,2,9541,n,principle; doctrine; CL:個|个[ge4],品质价值,98.6,11.25,1,https://vercel.com/domains/search?q=xn--3brx0b.com,2026-07-23T18:17:37.656Z,Jieba + CC-CEDICT
47,秩序.com,xn--8wtt22d.com,2,2935,n,"order; orderliness (in society, in the classroom, on the roads etc)",通用品牌,98.5,11.25,1,https://vercel.com/domains/search?q=xn--8wtt22d.com,2026-07-23T18:21:29.174Z,Jieba + CC-CEDICT
48,观念.com,xn--h7t834g.com,2,4115,n,notion; thought; concept; sense; views; ideology; general impressions,通用品牌,98.5,11.25,1,https://vercel.com/domains/search?q=xn--h7t834g.com,2026-07-23T18:21:29.173Z,Jieba + CC-CEDICT
49,思路.com,xn--m8tx33h.com,2,1627,n,line of thought; way of thinking,通用品牌,98.5,11.25,1,https://vercel.com/domains/search?q=xn--m8tx33h.com,2026-07-23T18:24:48.083Z,Jieba + CC-CEDICT
50,边界.com,xn--koyr77c.com,2,1815,n,boundary; border,通用品牌,98.4,11.25,1,https://vercel.com/domains/search?q=xn--koyr77c.com,2026-07-23T18:24:48.083Z,Jieba + CC-CEDICT
51,轨道.com,xn--j43a2r.com,2,2410,n,track (for trains etc); orbit (of a satellite); (fig.) a person's established path in life; desired trajectory (of a business or other endeavor); (audio engineering) track; (quantum mechanics) orbital,通用品牌,98.4,11.25,1,https://vercel.com/domains/search?q=xn--j43a2r.com,2026-07-23T18:21:29.174Z,Jieba + CC-CEDICT
52,阶梯.com,xn--b1v348g.com,2,699,n,flight of steps; (fig.) stepping stone; way to reach the goal of,通用品牌,98.4,11.25,1,https://vercel.com/domains/search?q=xn--b1v348g.com,2026-07-23T18:36:19.167Z,Jieba + CC-CEDICT
53,路径.com,xn--83t364h.com,2,486,n,path; route; method; ways and means,科技产品,98.3,11.25,1,https://vercel.com/domains/search?q=xn--83t364h.com,2026-07-23T18:36:19.167Z,Jieba + CC-CEDICT
54,水准.com,xn--q8q275d.com,2,571,n,level (of achievement etc); standard; level (surveying),商业价值,98.3,11.25,1,https://vercel.com/domains/search?q=xn--q8q275d.com,2026-07-23T18:36:19.167Z,Jieba + CC-CEDICT
55,均衡.com,xn--zesq65i.com,2,781,a,equal; balanced; harmony; equilibrium,通用品牌,98.3,11.25,1,https://vercel.com/domains/search?q=xn--zesq65i.com,2026-07-23T18:36:19.167Z,Jieba + CC-CEDICT
56,结构.com,xn--rsvt23c.com,2,14200,n,"structure; composition; makeup; architecture; CL:座[zuo4],個|个[ge4]",科技产品,98.3,11.25,1,https://vercel.com/domains/search?q=xn--rsvt23c.com,2026-07-23T18:17:37.656Z,Jieba + CC-CEDICT
57,水平.com,xn--gwt091a.com,2,13880,n,"horizontal; level; a standard; a level (of ability, development etc)",通用品牌,98.2,11.25,1,https://vercel.com/domains/search?q=xn--gwt091a.com,2026-07-23T18:17:37.656Z,Jieba + CC-CEDICT
58,效果.com,xn--fcvt5c.com,2,4924,n,result; effect; efficacy; (theater) sound or visual effects,商业价值,98.2,11.25,1,https://vercel.com/domains/search?q=xn--fcvt5c.com,2026-07-23T18:17:37.656Z,Jieba + CC-CEDICT
59,效益.com,xn--fcvr30b.com,2,2186,n,benefit; effectiveness; efficiency,商业价值,98.2,11.25,1,https://vercel.com/domains/search?q=xn--fcvr30b.com,2026-07-23T18:21:29.174Z,Jieba + CC-CEDICT
60,有效.com,xn--fcvx2b.com,2,7151,a,effective; in effect; valid,商业价值,98.1,11.25,1,https://vercel.com/domains/search?q=xn--fcvx2b.com,2026-07-23T18:17:37.656Z,Jieba + CC-CEDICT
61,完善.com,xn--30r33l.com,2,8085,v,"(of systems, facilities etc) comprehensive; well-developed; excellent; to refine; to improve",品质价值,98.1,11.25,1,https://vercel.com/domains/search?q=xn--30r33l.com,2026-07-23T18:17:37.656Z,Jieba + CC-CEDICT
62,持续.com,xn--ruun53d.com,2,4676,vd,to continue; to persist; to last; sustainable; preservation,通用品牌,98.1,11.25,1,https://vercel.com/domains/search?q=xn--ruun53d.com,2026-07-23T18:21:29.174Z,Jieba + CC-CEDICT
63,上线.com,xn--fhq600j.com,2,657,n,"to go online; to put sth online; to reach a specific standard; to put into production; handler (person who oversees and directs the activities of another person in a gang, spy ring etc)",科技产品,98.0,11.25,1,https://vercel.com/domains/search?q=xn--fhq600j.com,2026-07-23T18:36:19.167Z,Jieba + CC-CEDICT
64,运行.com,xn--jn2aw7m.com,2,3393,v,(of celestial bodies etc) to move along one's course; (fig.) to function; to be in operation; (of a train service etc) to operate; to run; (of a computer) to run,科技产品,98.0,11.25,1,https://vercel.com/domains/search?q=xn--jn2aw7m.com,2026-07-23T18:21:29.174Z,Jieba + CC-CEDICT
65,先行.com,xn--44q245k.com,2,1132,n,to start off before the others; to precede; to proceed in advance,通用品牌,98.0,11.25,1,https://vercel.com/domains/search?q=xn--44q245k.com,2026-07-23T18:24:48.083Z,Jieba + CC-CEDICT
66,开拓.com,xn--h0t08f.com,2,1194,v,to break new ground (for agriculture); to open up (a new seam); to develop (border regions); fig. to open up (new horizons),商业价值,98.0,11.25,1,https://vercel.com/domains/search?q=xn--h0t08f.com,2026-07-23T18:36:19.167Z,Jieba + CC-CEDICT
67,发掘.com,xn--oor008a.com,2,1579,v,to excavate; to explore; (fig.) to unearth; to tap into,商业价值,97.9,11.25,1,https://vercel.com/domains/search?q=xn--oor008a.com,2026-07-23T18:28:33.160Z,Jieba + CC-CEDICT
68,营造.com,xn--5r1a88v.com,2,1379,vn,to build (housing); to construct; to make,商业价值,97.9,11.25,1,https://vercel.com/domains/search?q=xn--5r1a88v.com,2026-07-23T18:28:33.159Z,Jieba + CC-CEDICT
69,绘制.com,xn--xcry10i.com,2,523,n,"to draw; to draft (a map, blueprint, diagram, illustration etc)",通用品牌,97.9,11.25,1,https://vercel.com/domains/search?q=xn--xcry10i.com,2026-07-23T18:36:19.167Z,Jieba + CC-CEDICT
70,健全.com,xn--nyq9x.com,2,1765,a,robust; sound,通用品牌,97.8,11.25,1,https://vercel.com/domains/search?q=xn--nyq9x.com,2026-07-23T18:24:48.083Z,Jieba + CC-CEDICT
71,生动.com,xn--6frx51f.com,2,1266,vn,"(of descriptions, writing etc) vivid; lively",通用品牌,97.8,11.25,1,https://vercel.com/domains/search?q=xn--6frx51f.com,2026-07-23T18:24:48.084Z,Jieba + CC-CEDICT
72,活泼.com,xn--rxw3e.com,2,740,a,lively; vivacious; brisk; active; (chemistry) reactive,通用品牌,97.8,11.25,1,https://vercel.com/domains/search?q=xn--rxw3e.com,2026-07-23T18:28:33.159Z,Jieba + CC-CEDICT
73,亮相.com,xn--3lq159g.com,2,656,n,"to strike a pose (Chinese opera); (fig.) to make a public appearance; to come out in public (revealing one's true personality, opinions etc); (of a product) to appear on the market or at a trade show etc",通用品牌,97.7,11.25,1,https://vercel.com/domains/search?q=xn--3lq159g.com,2026-07-23T18:36:19.167Z,Jieba + CC-CEDICT
74,强势.com,xn--ugr530a.com,2,735,n,strong; powerful; (linguistics) emphatic; intensive,通用品牌,97.7,11.25,1,https://vercel.com/domains/search?q=xn--ugr530a.com,2026-07-23T18:36:19.165Z,Jieba + CC-CEDICT
75,优异.com,xn--4oqv10b.com,2,533,a,exceptional; outstandingly good,通用品牌,97.7,11.25,1,https://vercel.com/domains/search?q=xn--4oqv10b.com,2026-07-23T18:36:19.165Z,Jieba + CC-CEDICT
76,独具.com,xn--h6q982f.com,2,657,n,"to have unique (talent, insight etc)",通用品牌,97.7,11.25,1,https://vercel.com/domains/search?q=xn--h6q982f.com,2026-07-23T18:36:19.165Z,Jieba + CC-CEDICT
77,专心.com,xn--ohq044b.com,2,436,n,to focus one's attention; to concentrate on (doing sth),品质价值,97.6,11.25,1,https://vercel.com/domains/search?q=xn--ohq044b.com,2026-07-23T18:36:19.165Z,Jieba + CC-CEDICT
78,认真.com,xn--w1yr15b.com,2,4703,ad,conscientious; earnest; serious; to take seriously; to take to heart,品质价值,97.6,11.25,1,https://vercel.com/domains/search?q=xn--w1yr15b.com,2026-07-23T18:21:29.174Z,Jieba + CC-CEDICT
79,愉快.com,xn--66tty.com,2,1193,a,cheerful; happy; pleasant; delighted,通用品牌,97.6,11.25,1,https://vercel.com/domains/search?q=xn--66tty.com,2026-07-23T18:24:48.084Z,Jieba + CC-CEDICT
80,欣赏.com,xn--8jwy24e.com,2,1827,v,to appreciate; to enjoy; to admire,通用品牌,97.5,11.25,1,https://vercel.com/domains/search?q=xn--8jwy24e.com,2026-07-23T18:28:33.159Z,Jieba + CC-CEDICT
81,巧妙.com,xn--yvsz3h.com,2,932,a,ingenious; clever; ingenuity; artifice,通用品牌,97.5,11.25,1,https://vercel.com/domains/search?q=xn--yvsz3h.com,2026-07-23T18:28:33.159Z,Jieba + CC-CEDICT
82,讲究.com,xn--crzx66a.com,2,1572,vn,to pay particular attention to; carefully selected for quality; tastefully chosen,通用品牌,97.5,11.25,1,https://vercel.com/domains/search?q=xn--crzx66a.com,2026-07-23T18:24:48.084Z,Jieba + CC-CEDICT
83,气息.com,xn--ybu12x.com,2,1376,n,breath; smell; odor; flavor,生活审美,97.4,11.25,1,https://vercel.com/domains/search?q=xn--ybu12x.com,2026-07-23T18:24:48.083Z,Jieba + CC-CEDICT
84,氛围.com,xn--mcs150c.com,2,689,n,ambience; atmosphere,生活审美,97.4,11.25,1,https://vercel.com/domains/search?q=xn--mcs150c.com,2026-07-23T18:36:19.167Z,Jieba + CC-CEDICT
85,天色.com,xn--rsss47g.com,2,998,n,"color of the sky; time of day, as indicated by the color of the sky; weather",生活审美,97.4,11.25,1,https://vercel.com/domains/search?q=xn--rsss47g.com,2026-07-23T18:28:33.158Z,Jieba + CC-CEDICT
86,树林.com,xn--btvnk.com,2,669,n,"Shulin city in New Taipei City 新北市[Xin1 bei3 shi4], Taiwan",生活审美,97.4,11.25,1,https://vercel.com/domains/search?q=xn--btvnk.com,2026-07-23T18:36:19.167Z,Jieba + CC-CEDICT
87,光线.com,xn--54q312i.com,2,802,n,"light ray; CL:條|条[tiao2],道[dao4]; light; illumination; lighting (for a photograph)",生活审美,97.3,11.25,1,https://vercel.com/domains/search?q=xn--54q312i.com,2026-07-23T18:28:33.158Z,Jieba + CC-CEDICT
88,光亮.com,xn--3lq56d.com,2,509,a,bright,生活审美,97.3,11.25,1,https://vercel.com/domains/search?q=xn--3lq56d.com,2026-07-23T18:36:19.165Z,Jieba + CC-CEDICT
89,生息.com,xn--ybu837b.com,2,500,n,to inhabit; to live (in a habitat),通用品牌,97.3,11.25,1,https://vercel.com/domains/search?q=xn--ybu837b.com,2026-07-23T18:36:19.165Z,Jieba + CC-CEDICT
90,物产.com,xn--wlqq58f.com,2,481,n,products; produce; natural resources,通用品牌,97.2,11.25,1,https://vercel.com/domains/search?q=xn--wlqq58f.com,2026-07-23T18:36:19.165Z,Jieba + CC-CEDICT
91,意味.com,xn--btr560a.com,2,566,n,meaning; implication; flavor; overtone; to mean; to imply; (Tw) to get a sense of,通用品牌,97.2,11.25,1,https://vercel.com/domains/search?q=xn--btr560a.com,2026-07-23T18:36:19.167Z,Jieba + CC-CEDICT
92,功劳.com,xn--xfrsb.com,2,705,n,contribution; meritorious service; credit,通用品牌,97.2,11.25,1,https://vercel.com/domains/search?q=xn--xfrsb.com,2026-07-23T18:36:19.167Z,Jieba + CC-CEDICT
93,资深.com,xn--r4w318d.com,2,560,n,senior; highly experienced; veteran,商业价值,97.1,11.25,1,https://vercel.com/domains/search?q=xn--r4w318d.com,2026-07-23T18:36:19.167Z,Jieba + CC-CEDICT
94,慎重.com,xn--ciun39h.com,2,600,a,cautious; careful; prudent,品质价值,97.1,11.25,1,https://vercel.com/domains/search?q=xn--ciun39h.com,2026-07-23T18:36:19.167Z,Jieba + CC-CEDICT
95,恭敬.com,xn--wbu24i.com,2,600,a,deferential; respectful,品质价值,97.1,11.25,1,https://vercel.com/domains/search?q=xn--wbu24i.com,2026-07-23T18:36:19.167Z,Jieba + CC-CEDICT
96,平稳.com,xn--gwtr13d.com,2,839,a,smooth; steady,通用品牌,97.1,11.25,1,https://vercel.com/domains/search?q=xn--gwtr13d.com,2026-07-23T18:28:33.160Z,Jieba + CC-CEDICT
97,自豪.com,xn--ub1a08s.com,2,521,n,proud (of one's achievements etc),品质价值,97.0,11.25,1,https://vercel.com/domains/search?q=xn--ub1a08s.com,2026-07-23T18:36:19.167Z,Jieba + CC-CEDICT
98,花样.com,xn--vxv520d.com,2,520,n,pattern; way of doing sth; trick; ruse; fancy-style (as in 花樣滑冰|花样滑冰[hua1 yang4 hua2 bing1] figure skating),生活审美,97.0,11.25,1,https://vercel.com/domains/search?q=xn--vxv520d.com,2026-07-23T18:36:19.167Z,Jieba + CC-CEDICT
99,朴实.com,xn--qbt92y.com,2,534,a,plain; simple; guileless; down-to-earth; sincere and honest,通用品牌,97.0,11.25,1,https://vercel.com/domains/search?q=xn--qbt92y.com,2026-07-23T18:36:19.167Z,Jieba + CC-CEDICT
100,洞察力.com,xn--tfr98sooo.com,3,67,n,insight,通用品牌,96.9,11.25,1,https://vercel.com/domains/search?q=xn--tfr98sooo.com,2026-07-23T18:42:16.249Z,Jieba + CC-CEDICT
101,词条.com,xn--rrvr42f.com,2,10441,n,entry (in a dictionary),内容文化,96.9,11.25,1,https://vercel.com/domains/search?q=xn--rrvr42f.com,2026-07-23T18:17:37.656Z,Jieba + CC-CEDICT
102,特征.com,xn--53t253b.com,2,5767,n,characteristic; diagnostic property; distinctive feature; trait,通用品牌,96.9,11.25,1,https://vercel.com/domains/search?q=xn--53t253b.com,2026-07-23T18:17:37.656Z,Jieba + CC-CEDICT
103,推出.com,xn--79qv44b.com,2,4028,v,to push out; to release; to launch; to publish; to recommend,通用品牌,96.8,11.25,1,https://vercel.com/domains/search?q=xn--79qv44b.com,2026-07-23T18:21:29.174Z,Jieba + CC-CEDICT
104,效应.com,xn--ext12m.com,2,2116,n,effect (scientific phenomenon),商业价值,96.8,11.25,1,https://vercel.com/domains/search?q=xn--ext12m.com,2026-07-23T18:21:29.174Z,Jieba + CC-CEDICT
105,本质.com,xn--8pvn95f.com,2,2064,n,essence; nature; innate character; intrinsic quality,通用品牌,96.8,11.25,1,https://vercel.com/domains/search?q=xn--8pvn95f.com,2026-07-23T18:21:29.174Z,Jieba + CC-CEDICT
106,业绩.com,xn--vhqv30j.com,2,1992,n,"achievement; accomplishment; (in more recent usage) performance (of a business, employee etc); results",商业价值,96.8,11.25,1,https://vercel.com/domains/search?q=xn--vhqv30j.com,2026-07-23T18:21:29.174Z,Jieba + CC-CEDICT
107,配套.com,xn--2ts351k.com,2,1939,a,to form a complete set; compatible; matching; complementary,通用品牌,96.7,11.25,1,https://vercel.com/domains/search?q=xn--2ts351k.com,2026-07-23T18:24:48.083Z,Jieba + CC-CEDICT
108,权益.com,xn--wqvp95a.com,2,1751,n,rights; interests; rights and benefits,商业价值,96.7,11.25,1,https://vercel.com/domains/search?q=xn--wqvp95a.com,2026-07-23T18:24:48.083Z,Jieba + CC-CEDICT
109,坚定.com,xn--jfsu2h.com,2,1241,a,firm; steady; staunch; resolute,通用品牌,96.7,11.25,1,https://vercel.com/domains/search?q=xn--jfsu2h.com,2026-07-23T18:24:48.084Z,Jieba + CC-CEDICT
110,选项.com,xn--483a49n.com,2,631,n,option; alternative; choice; to choose a project,科技产品,96.6,11.25,1,https://vercel.com/domains/search?q=xn--483a49n.com,2026-07-23T18:36:19.167Z,Jieba + CC-CEDICT
111,数值.com,xn--hxqt03c.com,2,594,n,numerical value,科技产品,96.6,11.25,1,https://vercel.com/domains/search?q=xn--hxqt03c.com,2026-07-23T18:36:19.167Z,Jieba + CC-CEDICT
112,股本.com,xn--8pvp08c.com,2,559,n,capital stock; investment,商业价值,96.6,11.25,1,https://vercel.com/domains/search?q=xn--8pvp08c.com,2026-07-23T18:36:19.167Z,Jieba + CC-CEDICT
113,余额.com,xn--zqq199o.com,2,540,n,"balance (of an account, bill etc); surplus; remainder",通用品牌,96.5,11.25,1,https://vercel.com/domains/search?q=xn--zqq199o.com,2026-07-23T18:36:19.167Z,Jieba + CC-CEDICT
114,有序.com,xn--8wtp2q.com,2,523,n,regular; orderly; successive; in order,通用品牌,96.5,11.25,1,https://vercel.com/domains/search?q=xn--8wtp2q.com,2026-07-23T18:36:19.167Z,Jieba + CC-CEDICT
115,进展.com,xn--ygtx21j.com,2,2022,vn,to make headway; to make progress,通用品牌,96.5,11.25,1,https://vercel.com/domains/search?q=xn--ygtx21j.com,2026-07-23T18:24:48.083Z,Jieba + CC-CEDICT
116,明显.com,xn--2hv1d.com,2,9296,a,clear; distinct; obvious,通用品牌,96.5,11.25,1,https://vercel.com/domains/search?q=xn--2hv1d.com,2026-07-23T18:17:37.656Z,Jieba + CC-CEDICT
117,流传.com,xn--dpq674e.com,2,1650,vn,to spread; to circulate; to hand down,通用品牌,96.4,11.25,1,https://vercel.com/domains/search?q=xn--dpq674e.com,2026-07-23T18:24:48.084Z,Jieba + CC-CEDICT
118,对应.com,xn--ceto4d.com,2,1087,vn,to correspond (to); to be equivalent to; to be a counterpart to,通用品牌,96.4,11.25,1,https://vercel.com/domains/search?q=xn--ceto4d.com,2026-07-23T18:28:33.160Z,Jieba + CC-CEDICT
119,实际.com,xn--qbtw87k.com,2,12010,n,reality; practice; practical; realistic; real; actual,通用品牌,96.4,11.25,1,https://vercel.com/domains/search?q=xn--qbtw87k.com,2026-07-23T18:17:37.656Z,Jieba + CC-CEDICT
120,坚持.com,xn--jfs04y.com,2,10215,v,to persevere with; to persist in; to insist on,通用品牌,96.3,11.25,1,https://vercel.com/domains/search?q=xn--jfs04y.com,2026-07-23T18:17:37.656Z,Jieba + CC-CEDICT
121,丰富多彩.com,xn--iiqx9xe6b07e.com,4,355,i,richly colorful,成语意象,96.3,11.25,1,https://vercel.com/domains/search?q=xn--iiqx9xe6b07e.com,2026-07-23T18:36:19.165Z,Jieba + CC-CEDICT
122,目光.com,xn--54qq13g.com,2,3368,n,gaze; (fig.) attention; expression in one's eyes; look; (lit. and fig.) sight; vision,生活审美,96.3,11.25,1,https://vercel.com/domains/search?q=xn--54qq13g.com,2026-07-23T18:21:29.173Z,Jieba + CC-CEDICT
123,关心.com,xn--d6qu26a.com,2,3261,n,to be concerned about; to care about,品质价值,96.2,11.25,1,https://vercel.com/domains/search?q=xn--d6qu26a.com,2026-07-23T18:21:29.173Z,Jieba + CC-CEDICT
124,特殊.com,xn--6mwv1m.com,2,7015,a,special; particular; unusual; extraordinary,通用品牌,96.2,11.25,1,https://vercel.com/domains/search?q=xn--6mwv1m.com,2026-07-23T18:17:37.656Z,Jieba + CC-CEDICT
125,享有.com,xn--0lqx70d.com,2,2766,v,"to enjoy (rights, privileges etc)",通用品牌,96.2,11.25,1,https://vercel.com/domains/search?q=xn--0lqx70d.com,2026-07-23T18:24:48.083Z,Jieba + CC-CEDICT
126,卓有成效.com,xn--2krw65awmcj6b.com,4,243,i,highly effective; fruitful,商业价值,96.2,11.25,1,https://vercel.com/domains/search?q=xn--2krw65awmcj6b.com,2026-07-23T18:36:19.167Z,Jieba + CC-CEDICT
127,促进.com,xn--0tq957m.com,2,6674,v,to promote (an idea or cause); to advance; boost,通用品牌,96.1,11.25,1,https://vercel.com/domains/search?q=xn--0tq957m.com,2026-07-23T18:21:29.174Z,Jieba + CC-CEDICT
128,决心.com,xn--67qs65a.com,2,2405,v,determination; resolution; determined; firm and resolute; to make up one's mind; CL:個|个[ge4],品质价值,96.1,11.25,1,https://vercel.com/domains/search?q=xn--67qs65a.com,2026-07-23T18:24:48.083Z,Jieba + CC-CEDICT
129,培养.com,xn--l6q01n.com,2,5850,v,to cultivate; to breed; to foster; to nurture; to educate; to groom (for a position); education; fostering; culture (biology),通用品牌,96.1,11.25,1,https://vercel.com/domains/search?q=xn--l6q01n.com,2026-07-23T18:21:29.174Z,Jieba + CC-CEDICT
130,愿意.com,xn--jgu0d.com,2,5538,v,to wish; to want; ready; willing (to do sth),通用品牌,96.0,11.25,1,https://vercel.com/domains/search?q=xn--jgu0d.com,2026-07-23T18:21:29.174Z,Jieba + CC-CEDICT
131,聪明才智.com,xn--mpu96fkjh99f.com,4,196,i,intelligence and ability,成语意象,96.0,11.25,1,https://vercel.com/domains/search?q=xn--mpu96fkjh99f.com,2026-07-23T18:36:19.167Z,Jieba + CC-CEDICT
132,掌握.com,xn--qyu6g.com,2,5342,v,"to grasp (often fig.); to control; to seize (initiative, opportunity, destiny); to master; to know well; to understand sth well and know how to use it; fluency",通用品牌,96.0,11.25,1,https://vercel.com/domains/search?q=xn--qyu6g.com,2026-07-23T18:21:29.174Z,Jieba + CC-CEDICT
133,经历.com,xn--jmr302h.com,2,5266,n,"to experience; to go through; experience (CL:段[duan4],次[ci4])",通用品牌,95.9,11.25,1,https://vercel.com/domains/search?q=xn--jmr302h.com,2026-07-23T18:17:37.656Z,Jieba + CC-CEDICT
134,内心.com,xn--v6q006a.com,2,2081,n,heart; innermost being; (math.) incenter,品质价值,95.9,11.25,1,https://vercel.com/domains/search?q=xn--v6q006a.com,2026-07-23T18:21:29.174Z,Jieba + CC-CEDICT
135,现实.com,xn--qbtz37c.com,2,5080,n,reality; actuality; real; actual; realistic; pragmatic; materialistic; self-interested,通用品牌,95.9,11.25,1,https://vercel.com/domains/search?q=xn--qbtz37c.com,2026-07-23T18:17:37.656Z,Jieba + CC-CEDICT
136,习惯.com,xn--vjq556b.com,2,4593,n,habit; custom; usual practice; to be used to; CL:個|个[ge4],通用品牌,95.9,11.25,1,https://vercel.com/domains/search?q=xn--vjq556b.com,2026-07-23T18:17:37.656Z,Jieba + CC-CEDICT
137,实事求是.com,xn--3kqp23a59hyjg.com,4,1011,n,lit. to seek truth from facts (idiom); fig. to be practical and realistic,成语意象,95.8,11.25,1,https://vercel.com/domains/search?q=xn--3kqp23a59hyjg.com,2026-07-23T18:36:19.168Z,Jieba + CC-CEDICT
138,打开.com,xn--h0tw7e.com,2,4137,v,to open; to show (a ticket); to turn on; to switch on,通用品牌,95.8,11.25,1,https://vercel.com/domains/search?q=xn--h0tw7e.com,2026-07-23T18:21:29.174Z,Jieba + CC-CEDICT
139,源远流长.com,xn--qzwv1aw44e7ye.com,4,145,i,(idiom) of long standing; with a long history; stretching back to ancient times,成语意象,95.8,11.25,1,https://vercel.com/domains/search?q=xn--qzwv1aw44e7ye.com,2026-07-23T18:36:19.164Z,Jieba + CC-CEDICT
140,心思.com,xn--15tth.com,2,1612,n,mind; thoughts; inclination; mood,品质价值,95.7,11.25,1,https://vercel.com/domains/search?q=xn--15tth.com,2026-07-23T18:21:29.174Z,Jieba + CC-CEDICT
141,海水.com,xn--1rwv0a.com,2,1590,n,seawater,生活审美,95.7,11.25,1,https://vercel.com/domains/search?q=xn--1rwv0a.com,2026-07-23T18:21:29.174Z,Jieba + CC-CEDICT
142,团结.com,xn--3bs824g.com,2,3941,a,to unite; unity; solidarity; united,通用品牌,95.7,11.25,1,https://vercel.com/domains/search?q=xn--3bs824g.com,2026-07-23T18:21:29.174Z,Jieba + CC-CEDICT
143,作风.com,xn--2qq930p.com,2,1524,n,style; style of work; way,生活审美,95.6,11.25,1,https://vercel.com/domains/search?q=xn--2qq930p.com,2026-07-23T18:21:29.174Z,Jieba + CC-CEDICT
144,海域.com,xn--cjs751c.com,2,1521,n,sea area; territorial waters; maritime space,生活审美,95.6,11.25,1,https://vercel.com/domains/search?q=xn--cjs751c.com,2026-07-23T18:21:29.174Z,Jieba + CC-CEDICT
145,白天.com,xn--rss759d.com,2,1456,t,daytime; during the day; day; CL:個|个[ge4],生活审美,95.6,11.25,1,https://vercel.com/domains/search?q=xn--rss759d.com,2026-07-23T18:36:19.167Z,Jieba + CC-CEDICT
146,平时.com,xn--gwt20o.com,2,3547,t,ordinarily; in normal times; in peacetime,通用品牌,95.6,11.25,1,https://vercel.com/domains/search?q=xn--gwt20o.com,2026-07-23T18:24:48.083Z,Jieba + CC-CEDICT
147,重建.com,xn--b0t544i.com,2,3491,a,to rebuild; to reconstruct; to reestablish,通用品牌,95.5,11.25,1,https://vercel.com/domains/search?q=xn--b0t544i.com,2026-07-23T18:21:29.174Z,Jieba + CC-CEDICT
148,著作.com,xn--2qq940k.com,2,3447,n,to write; literary work; book; article; writings; CL:部[bu4],通用品牌,95.5,11.25,1,https://vercel.com/domains/search?q=xn--2qq940k.com,2026-07-23T18:21:29.174Z,Jieba + CC-CEDICT
149,心态.com,xn--15t6e.com,2,1363,n,attitude (of the heart); state of one's psyche; way of thinking; mentality,品质价值,95.5,11.25,1,https://vercel.com/domains/search?q=xn--15t6e.com,2026-07-23T18:24:48.083Z,Jieba + CC-CEDICT
150,盛产.com,xn--wlqy39g.com,2,1323,n,to produce in abundance; to be rich in,通用品牌,95.4,11.25,1,https://vercel.com/domains/search?q=xn--wlqy39g.com,2026-07-23T18:24:48.083Z,Jieba + CC-CEDICT
151,光明正大.com,xn--54qr5qdtl9kf.com,4,115,i,(of a person) honorable; not devious; (of a behavior) fair and aboveboard; without tricks; openly; (of a situation) out in the open,生活审美,95.4,11.25,1,https://vercel.com/domains/search?q=xn--54qr5qdtl9kf.com,2026-07-23T18:36:19.167Z,Jieba + CC-CEDICT
152,欢天喜地.com,xn--s1rq0bi6b247a.com,4,112,i,delighted; with great joy; in high spirits,生活审美,95.4,11.25,1,https://vercel.com/domains/search?q=xn--s1rq0bi6b247a.com,2026-07-23T18:36:19.168Z,Jieba + CC-CEDICT
153,分明.com,xn--kbr310c.com,2,1254,v,clear; distinct; evidently; clearly,通用品牌,95.4,11.25,1,https://vercel.com/domains/search?q=xn--kbr310c.com,2026-07-23T18:28:33.160Z,Jieba + CC-CEDICT
154,过渡.com,xn--45wt13e.com,2,3036,v,to cross over (by ferry); transition; interim; caretaker (administration),通用品牌,95.3,11.25,1,https://vercel.com/domains/search?q=xn--45wt13e.com,2026-07-23T18:24:48.083Z,Jieba + CC-CEDICT
155,人杰地灵.com,xn--gmq19rt5n6pi.com,4,272,i,"illustrious hero, spirit of the place (idiom); a place derives reflected glory from an illustrious son",成语意象,95.3,11.25,1,https://vercel.com/domains/search?q=xn--gmq19rt5n6pi.com,2026-07-23T18:28:33.157Z,Jieba + CC-CEDICT
156,新增.com,xn--sosz71a.com,2,1177,v,to add (sth new); newly added; additional,通用品牌,95.3,11.25,1,https://vercel.com/domains/search?q=xn--sosz71a.com,2026-07-23T18:36:19.165Z,Jieba + CC-CEDICT
157,主意.com,xn--tiqw27b.com,2,2900,n,plan; idea; decision; CL:個|个[ge4]; Beijing pr. [zhu2 yi5],通用品牌,95.2,11.25,1,https://vercel.com/domains/search?q=xn--tiqw27b.com,2026-07-23T18:21:29.174Z,Jieba + CC-CEDICT
158,远见卓识.com,xn--2krp08jmjbq3g.com,4,94,i,visionary and sagacious (idiom),成语意象,95.2,11.25,1,https://vercel.com/domains/search?q=xn--2krp08jmjbq3g.com,2026-07-23T18:36:19.165Z,Jieba + CC-CEDICT
159,喜闻乐见.com,xn--fjqs1piq1cxhk.com,4,93,i,to love to hear and see (idiom); well received; to one's liking,内容文化,95.2,11.25,1,https://vercel.com/domains/search?q=xn--fjqs1piq1cxhk.com,2026-07-23T18:36:19.165Z,Jieba + CC-CEDICT
160,显著.com,xn--gjvx38d.com,2,2721,a,outstanding; notable; remarkable; statistically significant,通用品牌,95.1,11.25,1,https://vercel.com/domains/search?q=xn--gjvx38d.com,2026-07-23T18:21:29.174Z,Jieba + CC-CEDICT
161,正好.com,xn--5us792b.com,2,2661,a,just (in time); just right; just enough; to happen to; to chance to; by chance; it just so happens that,通用品牌,95.1,11.25,1,https://vercel.com/domains/search?q=xn--5us792b.com,2026-07-23T18:21:29.174Z,Jieba + CC-CEDICT
162,成书.com,xn--1jq329b.com,2,411,n,to finish (writing a book); to appear in book form; a book already in circulation,内容文化,95.1,11.25,1,https://vercel.com/domains/search?q=xn--1jq329b.com,2026-07-23T18:36:19.165Z,Jieba + CC-CEDICT
163,气氛.com,xn--4qwoa.com,2,2619,n,atmosphere; mood,通用品牌,95.1,11.25,1,https://vercel.com/domains/search?q=xn--4qwoa.com,2026-07-23T18:21:29.174Z,Jieba + CC-CEDICT
164,修建.com,xn--8uqs08a.com,2,2616,v,to build; to construct,通用品牌,95.0,11.25,1,https://vercel.com/domains/search?q=xn--8uqs08a.com,2026-07-23T18:24:48.083Z,Jieba + CC-CEDICT
165,延伸.com,xn--1pqq79a.com,2,2586,v,to extend; to stretch; to expand; to spread,通用品牌,95.0,11.25,1,https://vercel.com/domains/search?q=xn--1pqq79a.com,2026-07-23T18:24:48.084Z,Jieba + CC-CEDICT
166,有力.com,xn--tfr588b.com,2,2579,n,powerful; forceful; vigorous,通用品牌,95.0,11.25,1,https://vercel.com/domains/search?q=xn--tfr588b.com,2026-07-23T18:21:29.174Z,Jieba + CC-CEDICT
167,心目.com,xn--15tr92c.com,2,998,n,mind,品质价值,94.9,11.25,1,https://vercel.com/domains/search?q=xn--15tr92c.com,2026-07-23T18:24:48.083Z,Jieba + CC-CEDICT
168,合适.com,xn--8prs90l.com,2,2426,a,suitable; fitting; appropriate,通用品牌,94.9,11.25,1,https://vercel.com/domains/search?q=xn--8prs90l.com,2026-07-23T18:21:29.174Z,Jieba + CC-CEDICT
169,心旷神怡.com,xn--15t1h33nxpx.com,4,218,i,"lit. heart untroubled, spirit pleased (idiom); carefree and relaxed",品质价值,94.9,11.25,1,https://vercel.com/domains/search?q=xn--15t1h33nxpx.com,2026-07-23T18:28:33.159Z,Jieba + CC-CEDICT
170,尊重.com,xn--tet046j.com,2,2383,a,to esteem; to respect; to honor; to value; eminent; serious; proper,通用品牌,94.8,11.25,1,https://vercel.com/domains/search?q=xn--tet046j.com,2026-07-23T18:21:29.174Z,Jieba + CC-CEDICT
171,始建.com,xn--exso4j.com,2,2355,v,to start building,通用品牌,94.8,11.25,1,https://vercel.com/domains/search?q=xn--exso4j.com,2026-07-23T18:24:48.084Z,Jieba + CC-CEDICT
172,适宜.com,xn--obt523j.com,2,2206,a,suitable; appropriate,通用品牌,94.8,11.25,1,https://vercel.com/domains/search?q=xn--obt523j.com,2026-07-23T18:21:29.174Z,Jieba + CC-CEDICT
173,提前.com,xn--ldrt04b.com,2,2191,v,to shift to an earlier date; to do sth ahead of time; in advance,通用品牌,94.8,11.25,1,https://vercel.com/domains/search?q=xn--ldrt04b.com,2026-07-23T18:28:33.157Z,Jieba + CC-CEDICT
174,赋予.com,xn--0kqy34m.com,2,2186,v,to assign; to entrust (a task); to give; to bestow,通用品牌,94.7,11.25,1,https://vercel.com/domains/search?q=xn--0kqy34m.com,2026-07-23T18:28:33.157Z,Jieba + CC-CEDICT
175,正当.com,xn--u2t81y.com,2,2182,a,timely; just (when needed),通用品牌,94.7,11.25,1,https://vercel.com/domains/search?q=xn--u2t81y.com,2026-07-23T18:21:29.174Z,Jieba + CC-CEDICT
176,照顾.com,xn--2uxw74f.com,2,2157,v,to take care of; to show consideration; to attend to; to look after,通用品牌,94.7,11.25,1,https://vercel.com/domains/search?q=xn--2uxw74f.com,2026-07-23T18:28:33.157Z,Jieba + CC-CEDICT
177,兴建.com,xn--e6qp34a.com,2,2148,v,to build; to construct,通用品牌,94.6,11.25,1,https://vercel.com/domains/search?q=xn--e6qp34a.com,2026-07-23T18:24:48.083Z,Jieba + CC-CEDICT
178,得知.com,xn--s4ty45c.com,2,2137,v,to find out; to learn of,通用品牌,94.6,11.25,1,https://vercel.com/domains/search?q=xn--s4ty45c.com,2026-07-23T18:24:48.083Z,Jieba + CC-CEDICT
179,发起.com,xn--ooro55k.com,2,2134,v,"to originate; to initiate; to launch (an attack, an initiative etc); to start; to propose sth (for the first time)",通用品牌,94.6,11.25,1,https://vercel.com/domains/search?q=xn--ooro55k.com,2026-07-23T18:28:33.157Z,Jieba + CC-CEDICT
180,开辟.com,xn--h0t559h.com,2,2131,v,to open up; to create; to establish,通用品牌,94.5,11.25,1,https://vercel.com/domains/search?q=xn--h0t559h.com,2026-07-23T18:28:33.157Z,Jieba + CC-CEDICT
181,当初.com,xn--7brw53a.com,2,2093,t,at that time; originally,通用品牌,94.5,11.25,1,https://vercel.com/domains/search?q=xn--7brw53a.com,2026-07-23T18:24:48.083Z,Jieba + CC-CEDICT
182,又名.com,xn--for2f.com,2,2093,n,also known as; alternative name; to also be called,通用品牌,94.5,11.25,1,https://vercel.com/domains/search?q=xn--for2f.com,2026-07-23T18:21:29.174Z,Jieba + CC-CEDICT
183,尽善尽美.com,xn--30r59mba8727a.com,4,68,i,perfect (idiom); perfection; the best of all possible worlds; as good as it gets,生活审美,94.5,11.25,1,https://vercel.com/domains/search?q=xn--30r59mba8727a.com,2026-07-23T18:36:19.165Z,Jieba + CC-CEDICT
184,河道.com,xn--ovwy37e.com,2,2042,n,river course; river channel,生活审美,94.4,11.25,1,https://vercel.com/domains/search?q=xn--ovwy37e.com,2026-07-23T18:21:29.174Z,Jieba + CC-CEDICT
185,声响.com,xn--vvr19g.com,2,2029,n,sound; noise,内容文化,94.4,11.25,1,https://vercel.com/domains/search?q=xn--vvr19g.com,2026-07-23T18:21:29.174Z,Jieba + CC-CEDICT
186,沿革.com,xn--0vw232g.com,2,2023,n,evolution of sth over time; course of development; history,通用品牌,94.4,11.25,1,https://vercel.com/domains/search?q=xn--0vw232g.com,2026-07-23T18:21:29.174Z,Jieba + CC-CEDICT
187,所长.com,xn--8ous45i.com,2,2015,n,what one is good at; one's strong point,通用品牌,94.3,11.25,1,https://vercel.com/domains/search?q=xn--8ous45i.com,2026-07-23T18:21:29.174Z,Jieba + CC-CEDICT
188,评为.com,xn--siq231m.com,2,2005,v,to elect as; to choose as; to consider as,通用品牌,94.3,11.25,1,https://vercel.com/domains/search?q=xn--siq231m.com,2026-07-23T18:28:33.159Z,Jieba + CC-CEDICT
189,人选.com,xn--gmq150n.com,2,1981,n,choice of person; candidate,通用品牌,94.3,11.25,1,https://vercel.com/domains/search?q=xn--gmq150n.com,2026-07-23T18:21:29.174Z,Jieba + CC-CEDICT
190,剑法.com,xn--pdr595d.com,2,1951,n,fencing; sword-play,通用品牌,94.2,11.25,1,https://vercel.com/domains/search?q=xn--pdr595d.com,2026-07-23T18:21:29.174Z,Jieba + CC-CEDICT
191,兴起.com,xn--e6qy67l.com,2,1950,v,to rise; to spring up; to burgeon; to be aroused; to come into vogue,通用品牌,94.2,11.25,1,https://vercel.com/domains/search?q=xn--e6qy67l.com,2026-07-23T18:24:48.084Z,Jieba + CC-CEDICT
192,原本.com,xn--8mrw86b.com,2,1923,n,originally; the original; original copy; original version,通用品牌,94.2,11.25,1,https://vercel.com/domains/search?q=xn--8mrw86b.com,2026-07-23T18:21:29.174Z,Jieba + CC-CEDICT
193,推行.com,xn--jzup92f.com,2,1921,v,"to implement; to carry out; to introduce (a policy, system, reform etc); to promote; to advance (the practice of an art form, the use of a language etc); to push along (a bicycle etc while walking)",通用品牌,94.2,11.25,1,https://vercel.com/domains/search?q=xn--jzup92f.com,2026-07-23T18:24:48.084Z,Jieba + CC-CEDICT
194,风气.com,xn--4qw176g.com,2,756,n,general mood; atmosphere; common practice,生活审美,94.1,11.25,1,https://vercel.com/domains/search?q=xn--4qw176g.com,2026-07-23T18:28:33.159Z,Jieba + CC-CEDICT
195,抬头.com,xn--2ss33t.com,2,1892,v,"to raise one's head; to look up; (fig.) to begin to emerge; to show signs of growth; (commerce) account name, or space for writing the name on checks, bills etc",通用品牌,94.1,11.25,1,https://vercel.com/domains/search?q=xn--2ss33t.com,2026-07-23T18:28:33.159Z,Jieba + CC-CEDICT
196,改建.com,xn--b0tx2l.com,2,1860,v,to rebuild; to transform (a building); to refurbish,通用品牌,94.1,11.25,1,https://vercel.com/domains/search?q=xn--b0tx2l.com,2026-07-23T18:28:33.159Z,Jieba + CC-CEDICT
197,水系.com,xn--1rww17a.com,2,1860,n,drainage system,通用品牌,94.0,11.25,1,https://vercel.com/domains/search?q=xn--1rww17a.com,2026-07-23T18:21:29.174Z,Jieba + CC-CEDICT
198,扩建.com,xn--b0t69e.com,2,1845,v,"to extend (a building, an airport runway etc)",通用品牌,94.0,11.25,1,https://vercel.com/domains/search?q=xn--b0t69e.com,2026-07-23T18:28:33.159Z,Jieba + CC-CEDICT
199,群体.com,xn--tqqu19i.com,2,1812,n,community; colony,通用品牌,94.0,11.25,1,https://vercel.com/domains/search?q=xn--tqqu19i.com,2026-07-23T18:24:48.083Z,Jieba + CC-CEDICT
200,顺利.com,xn--kcr272o.com,2,2948,ad,smoothly; without a hitch,通用品牌,93.9,11.25,1,https://vercel.com/domains/search?q=xn--kcr272o.com,2026-07-23T18:24:48.083Z,Jieba + CC-CEDICT
201,五花八门.com,xn--dlq02egz0ehcq.com,4,152,i,myriad; all kinds of; all sorts of,生活审美,93.9,11.25,1,https://vercel.com/domains/search?q=xn--dlq02egz0ehcq.com,2026-07-23T18:39:10.415Z,Jieba + CC-CEDICT
202,胸有成竹.com,xn--vnup4isrumuf.com,4,152,i,(idiom) to have a well-thought-out plan in mind,成语意象,93.9,11.25,1,https://vercel.com/domains/search?q=xn--vnup4isrumuf.com,2026-07-23T18:36:19.167Z,Jieba + CC-CEDICT
203,风调雨顺.com,xn--pf3ao8sq8asj.com,4,54,i,(idiom) to have good weather for crops,生活审美,93.9,11.25,1,https://vercel.com/domains/search?q=xn--pf3ao8sq8asj.com,2026-07-23T18:36:19.167Z,Jieba + CC-CEDICT
204,品学兼优.com,xn--4oq01dz3doxj.com,4,54,i,excelling both in morals and studies (idiom); top marks for studies and for behavior (at school); a paragon of virtue and learning,成语意象,93.8,11.25,1,https://vercel.com/domains/search?q=xn--4oq01dz3doxj.com,2026-07-23T18:36:19.167Z,Jieba + CC-CEDICT
205,名义.com,xn--7iq63l.com,2,1671,n,name; titular; nominal; in name; ostensible purpose,通用品牌,93.8,11.25,1,https://vercel.com/domains/search?q=xn--7iq63l.com,2026-07-23T18:24:48.083Z,Jieba + CC-CEDICT
206,招呼.com,xn--ktr574a.com,2,1653,v,to call out to; to greet; to say hello to; to inform; to take care of; to take care that one does not,通用品牌,93.8,11.25,1,https://vercel.com/domains/search?q=xn--ktr574a.com,2026-07-23T18:28:33.159Z,Jieba + CC-CEDICT
207,透明度.com,xn--wxtt8nx71b.com,3,263,n,transparency; (policy of) openness,科技产品,93.7,11.25,1,https://vercel.com/domains/search?q=xn--wxtt8nx71b.com,2026-07-23T18:42:16.247Z,Jieba + CC-CEDICT
208,披露.com,xn--bsu428i.com,2,1613,v,to reveal; to publish; to make public; to announce,通用品牌,93.7,11.25,1,https://vercel.com/domains/search?q=xn--bsu428i.com,2026-07-23T18:28:33.160Z,Jieba + CC-CEDICT
209,溶液.com,xn--y2wpv.com,2,1556,n,solution (chemistry),通用品牌,93.7,11.25,1,https://vercel.com/domains/search?q=xn--y2wpv.com,2026-07-23T18:24:48.083Z,Jieba + CC-CEDICT
210,心疼.com,xn--15t020c.com,2,602,a,to love dearly; to feel sorry for sb; to regret; to grudge; to be distressed,品质价值,93.6,11.25,1,https://vercel.com/domains/search?q=xn--15t020c.com,2026-07-23T18:36:19.165Z,Jieba + CC-CEDICT
211,时辰.com,xn--ehvu24g.com,2,1527,n,time; one of the 12 two-hour periods of the day,通用品牌,93.6,11.25,1,https://vercel.com/domains/search?q=xn--ehvu24g.com,2026-07-23T18:24:48.083Z,Jieba + CC-CEDICT
212,大功告成.com,xn--xfrs2bx3h04k.com,4,135,i,successfully accomplished (project or goal); to be highly successful,成语意象,93.6,11.25,1,https://vercel.com/domains/search?q=xn--xfrs2bx3h04k.com,2026-07-23T18:39:10.415Z,Jieba + CC-CEDICT
213,别出心裁.com,xn--79q8dw76bl33b.com,4,133,i,to hit on sth new (idiom); to display originality; to adopt an original approach,品质价值,93.6,11.25,1,https://vercel.com/domains/search?q=xn--79q8dw76bl33b.com,2026-07-23T18:36:19.165Z,Jieba + CC-CEDICT
214,韬光养晦.com,xn--54qqe811e3i9b.com,4,133,i,to conceal one's strengths and bide one's time (idiom); to hide one's light under a bushel,生活审美,93.5,11.25,1,https://vercel.com/domains/search?q=xn--54qqe811e3i9b.com,2026-07-23T18:36:19.165Z,Jieba + CC-CEDICT
215,货物.com,xn--g2x938c.com,2,1482,n,goods; commodity; merchandise; CL:宗[zong1],通用品牌,93.5,11.25,1,https://vercel.com/domains/search?q=xn--g2x938c.com,2026-07-23T18:24:48.083Z,Jieba + CC-CEDICT
216,轻易.com,xn--7hvq53g.com,2,1474,a,easy; simple; rashly; offhandedly,通用品牌,93.5,11.25,1,https://vercel.com/domains/search?q=xn--7hvq53g.com,2026-07-23T18:24:48.083Z,Jieba + CC-CEDICT
217,脑海.com,xn--90w113b.com,2,580,n,the mind; the brain,生活审美,93.4,11.25,1,https://vercel.com/domains/search?q=xn--90w113b.com,2026-07-23T18:36:19.165Z,Jieba + CC-CEDICT
218,分水岭.com,xn--kbrp3xyqm.com,3,614,n,dividing range; drainage divide; (fig.) dividing line; watershed,通用品牌,93.4,11.25,1,https://vercel.com/domains/search?q=xn--kbrp3xyqm.com,2026-07-23T18:39:10.418Z,Jieba + CC-CEDICT
219,名优.com,xn--4oqr4j.com,2,570,n,excellent quality; outstanding (product); abbr. for 名牌優質|名牌优质; (old) famous actor or actress,通用品牌,93.4,11.25,1,https://vercel.com/domains/search?q=xn--4oqr4j.com,2026-07-23T18:36:19.165Z,Jieba + CC-CEDICT
220,学派.com,xn--48s282b.com,2,1432,n,school of thought,通用品牌,93.3,11.25,1,https://vercel.com/domains/search?q=xn--48s282b.com,2026-07-23T18:24:48.083Z,Jieba + CC-CEDICT
221,天生.com,xn--rssq46d.com,2,561,n,nature; disposition; innate; natural,生活审美,93.3,11.25,1,https://vercel.com/domains/search?q=xn--rssq46d.com,2026-07-23T18:36:19.165Z,Jieba + CC-CEDICT
222,心腹.com,xn--15t736e.com,2,560,n,trusted aide; confidant,品质价值,93.3,11.25,1,https://vercel.com/domains/search?q=xn--15t736e.com,2026-07-23T18:36:19.165Z,Jieba + CC-CEDICT
223,声道.com,xn--4qsw20k.com,2,1414,n,sound track; audio channel,内容文化,93.3,11.25,1,https://vercel.com/domains/search?q=xn--4qsw20k.com,2026-07-23T18:24:48.083Z,Jieba + CC-CEDICT
224,梦寐以求.com,xn--onqt82aw3jxsd.com,4,124,i,(lit.) to yearn for sth even in one's dreams (idiom); (fig.) to deeply long for; to covet,成语意象,93.2,11.25,1,https://vercel.com/domains/search?q=xn--onqt82aw3jxsd.com,2026-07-23T18:36:19.165Z,Jieba + CC-CEDICT
225,处处.com,xn--prsa.com,2,1402,v,everywhere; in all respects,通用品牌,93.2,11.25,1,https://vercel.com/domains/search?q=xn--prsa.com,2026-07-23T18:36:19.167Z,Jieba + CC-CEDICT
226,实质.com,xn--qbtu66i.com,2,1402,n,substance; essence,通用品牌,93.2,11.25,1,https://vercel.com/domains/search?q=xn--qbtu66i.com,2026-07-23T18:24:48.083Z,Jieba + CC-CEDICT
227,夜间.com,xn--essw92l.com,2,1398,t,nighttime; evening or night (e.g. classes),通用品牌,93.1,11.25,1,https://vercel.com/domains/search?q=xn--essw92l.com,2026-07-23T18:36:19.167Z,Jieba + CC-CEDICT
228,口音.com,xn--6orw79m.com,2,547,n,(linguistics) oral speech sounds,内容文化,93.1,11.25,1,https://vercel.com/domains/search?q=xn--6orw79m.com,2026-07-23T18:36:19.167Z,Jieba + CC-CEDICT
229,日后.com,xn--fqrz82b.com,2,1384,t,sometime; someday (in the future),通用品牌,93.1,11.25,1,https://vercel.com/domains/search?q=xn--fqrz82b.com,2026-07-23T18:36:19.165Z,Jieba + CC-CEDICT
230,重心.com,xn--15tu72i.com,2,542,a,center of gravity; central core; main part,品质价值,93.0,11.25,1,https://vercel.com/domains/search?q=xn--15tu72i.com,2026-07-23T18:36:19.165Z,Jieba + CC-CEDICT
231,名正言顺.com,xn--eqry65c0uvt1m.com,4,120,i,in a way that justifies the use of the term; genuine; proper; in a way that conforms to logic; justifiable; appropriate; perfectly legitimate,成语意象,93.0,11.25,1,https://vercel.com/domains/search?q=xn--eqry65c0uvt1m.com,2026-07-23T18:36:19.168Z,Jieba + CC-CEDICT
232,含义.com,xn--7iq36l.com,2,1339,n,meaning (implicit in a phrase); implied meaning; hidden meaning; hint; connotation,通用品牌,93.0,11.25,1,https://vercel.com/domains/search?q=xn--7iq36l.com,2026-07-23T18:24:48.083Z,Jieba + CC-CEDICT
233,从前.com,xn--0mq08f.com,2,1310,t,previously; formerly; once upon a time,通用品牌,93.0,11.25,1,https://vercel.com/domains/search?q=xn--0mq08f.com,2026-07-23T18:36:19.167Z,Jieba + CC-CEDICT
234,渊源.com,xn--h5w2k.com,2,509,n,origin; source; relationship,通用品牌,92.9,11.25,1,https://vercel.com/domains/search?q=xn--h5w2k.com,2026-07-23T18:36:19.165Z,Jieba + CC-CEDICT
235,近期.com,xn--vpvu91g.com,2,1285,t,near in time; in the near future; very soon; recent,通用品牌,92.9,11.25,1,https://vercel.com/domains/search?q=xn--vpvu91g.com,2026-07-23T18:36:19.165Z,Jieba + CC-CEDICT
236,拉开.com,xn--h0t27f.com,2,1281,v,to pull open; to pull apart; to space out; to increase,通用品牌,92.9,11.25,1,https://vercel.com/domains/search?q=xn--h0t27f.com,2026-07-23T18:36:19.167Z,Jieba + CC-CEDICT
237,忠心.com,xn--15t8b.com,2,503,n,good faith; devotion; loyalty; dedication,品质价值,92.8,11.25,1,https://vercel.com/domains/search?q=xn--15t8b.com,2026-07-23T18:36:19.165Z,Jieba + CC-CEDICT
238,道人.com,xn--gmq121n.com,2,1277,n,Taoist devotee (honorific),通用品牌,92.8,11.25,1,https://vercel.com/domains/search?q=xn--gmq121n.com,2026-07-23T18:24:48.083Z,Jieba + CC-CEDICT
239,寒风.com,xn--7ct223l.com,2,498,n,cold wind,生活审美,92.8,11.25,1,https://vercel.com/domains/search?q=xn--7ct223l.com,2026-07-23T18:36:19.165Z,Jieba + CC-CEDICT
240,推开.com,xn--h0to7h.com,2,1264,v,to push open (a gate etc); to push away; to reject; to decline,通用品牌,92.7,11.25,1,https://vercel.com/domains/search?q=xn--h0to7h.com,2026-07-23T18:36:19.167Z,Jieba + CC-CEDICT
241,山体.com,xn--tqqq33a.com,2,497,n,form of a mountain,生活审美,92.7,11.25,1,https://vercel.com/domains/search?q=xn--tqqq33a.com,2026-07-23T18:36:19.165Z,Jieba + CC-CEDICT
242,耳目一新.com,xn--4gq609ckgmgxi.com,4,110,i,a pleasant change; a breath of fresh air; refreshing,成语意象,92.7,11.25,1,https://vercel.com/domains/search?q=xn--4gq609ckgmgxi.com,2026-07-23T18:36:19.168Z,Jieba + CC-CEDICT
243,家境.com,xn--0ns57e.com,2,495,n,family financial situation; family circumstances,通用品牌,92.7,11.25,1,https://vercel.com/domains/search?q=xn--0ns57e.com,2026-07-23T18:36:19.167Z,Jieba + CC-CEDICT
244,提倡.com,xn--pwqs39b.com,2,1254,v,to promote; to advocate,通用品牌,92.6,11.25,1,https://vercel.com/domains/search?q=xn--pwqs39b.com,2026-07-23T18:36:19.167Z,Jieba + CC-CEDICT
245,回味无穷.com,xn--btr19cm9vo6t.com,4,288,i,to have a rich aftertaste; (fig.) memorable; to linger in one's memory,成语意象,92.6,11.25,1,https://vercel.com/domains/search?q=xn--btr19cm9vo6t.com,2026-07-23T18:36:19.168Z,Jieba + CC-CEDICT
246,已知.com,xn--rstp19c.com,2,1228,v,known (to science),通用品牌,92.6,11.25,1,https://vercel.com/domains/search?q=xn--rstp19c.com,2026-07-23T18:28:33.160Z,Jieba + CC-CEDICT
247,好汉.com,xn--5us605b.com,2,1224,n,hero; strong and courageous person; CL:條|条[tiao2],通用品牌,92.5,11.25,1,https://vercel.com/domains/search?q=xn--5us605b.com,2026-07-23T18:24:48.083Z,Jieba + CC-CEDICT
248,好事.com,xn--3kqr0y.com,2,1218,n,"good action, deed, thing or work (also sarcastic, ""a fine thing indeed""); charity; happy occasion; Daoist or Buddhist ceremony for the souls of the dead",通用品牌,92.5,11.25,1,https://vercel.com/domains/search?q=xn--3kqr0y.com,2026-07-23T18:24:48.083Z,Jieba + CC-CEDICT
249,修缮.com,xn--8uqv56i.com,2,1217,v,to renovate; to repair (a building),通用品牌,92.5,11.25,1,https://vercel.com/domains/search?q=xn--8uqv56i.com,2026-07-23T18:36:19.167Z,Jieba + CC-CEDICT
250,记住.com,xn--pqqw58l.com,2,1204,v,to remember; to bear in mind; to learn by heart,通用品牌,92.4,11.25,1,https://vercel.com/domains/search?q=xn--pqqw58l.com,2026-07-23T18:36:19.167Z,Jieba + CC-CEDICT
251,世人.com,xn--rhq8o.com,2,1201,n,people (in general); people around the world; everyone,通用品牌,92.4,11.25,1,https://vercel.com/domains/search?q=xn--rhq8o.com,2026-07-23T18:24:48.084Z,Jieba + CC-CEDICT
252,回事.com,xn--3kqt6r.com,2,1195,v,(old) to report to one's master,通用品牌,92.4,11.25,1,https://vercel.com/domains/search?q=xn--3kqt6r.com,2026-07-23T18:36:19.167Z,Jieba + CC-CEDICT
253,名词.com,xn--eqr601k.com,2,1177,n,(linguistics) noun; term (name for a concept),内容文化,92.4,11.25,1,https://vercel.com/domains/search?q=xn--eqr601k.com,2026-07-23T18:24:48.084Z,Jieba + CC-CEDICT
254,乐意.com,xn--fjqw07b.com,2,459,n,to be willing to do sth; to be ready to do sth; to be happy to do sth; content; satisfied,内容文化,92.3,11.25,1,https://vercel.com/domains/search?q=xn--fjqw07b.com,2026-07-23T18:36:19.164Z,Jieba + CC-CEDICT
255,小声.com,xn--4qs95e.com,2,1161,n,in a low voice; (speak) in whispers,内容文化,92.3,11.25,1,https://vercel.com/domains/search?q=xn--4qs95e.com,2026-07-23T18:24:48.084Z,Jieba + CC-CEDICT
256,法子.com,xn--i8sp12b.com,2,1160,n,way; method; Taiwan pr. [fa2 zi5],通用品牌,92.3,11.25,1,https://vercel.com/domains/search?q=xn--i8sp12b.com,2026-07-23T18:24:48.084Z,Jieba + CC-CEDICT
257,应有.com,xn--ext31q.com,2,1159,v,"to deserve (attention, respect etc); should have (freedoms, rights etc)",通用品牌,92.2,11.25,1,https://vercel.com/domains/search?q=xn--ext31q.com,2026-07-23T18:36:19.167Z,Jieba + CC-CEDICT
258,流光溢彩.com,xn--54q375azxknkb.com,4,168,l,(idiom) brilliant lights and vibrant colors,生活审美,92.2,11.25,1,https://vercel.com/domains/search?q=xn--54q375azxknkb.com,2026-07-23T18:36:19.167Z,Jieba + CC-CEDICT
259,翻天覆地.com,xn--cest9b292ei8h.com,4,96,i,sky and the earth turning upside down (idiom); fig. complete confusion; everything turned on its head,生活审美,92.2,11.25,1,https://vercel.com/domains/search?q=xn--cest9b292ei8h.com,2026-07-23T18:36:19.168Z,Jieba + CC-CEDICT
260,空中.com,xn--fiqw39h.com,2,4608,s,in the sky; in the air,通用品牌,92.1,11.25,1,https://vercel.com/domains/search?q=xn--fiqw39h.com,2026-07-23T18:24:48.082Z,Jieba + CC-CEDICT
261,处置.com,xn--prsw70g.com,2,1082,v,to handle; to take care of; to punish,通用品牌,92.1,11.25,1,https://vercel.com/domains/search?q=xn--prsw70g.com,2026-07-23T18:36:19.167Z,Jieba + CC-CEDICT
262,家喻户晓.com,xn--o2rz2l06fiue.com,4,244,i,understood by everyone (idiom); well known; a household name,成语意象,92.1,11.25,1,https://vercel.com/domains/search?q=xn--o2rz2l06fiue.com,2026-07-23T18:36:19.165Z,Jieba + CC-CEDICT
263,彻底.com,xn--fxtwt.com,2,4498,ad,thorough; thoroughly; complete,通用品牌,92.1,11.25,1,https://vercel.com/domains/search?q=xn--fxtwt.com,2026-07-23T18:24:48.083Z,Jieba + CC-CEDICT
264,从容不迫.com,xn--ihq2r633aet6c.com,4,240,i,calm; unruffled,成语意象,92.0,11.25,1,https://vercel.com/domains/search?q=xn--ihq2r633aet6c.com,2026-07-23T18:36:19.168Z,Jieba + CC-CEDICT
265,浓度.com,xn--wxtp04a.com,2,1043,n,concentration (percentage of dissolved material in a solution); consistency; thickness; density; viscosity,通用品牌,92.0,11.25,1,https://vercel.com/domains/search?q=xn--wxtp04a.com,2026-07-23T18:28:33.157Z,Jieba + CC-CEDICT
266,心神.com,xn--15tx38c.com,2,406,n,mind; state of mind; attention; (Chinese medicine) psychic constitution,品质价值,92.0,11.25,1,https://vercel.com/domains/search?q=xn--15tx38c.com,2026-07-23T18:36:19.165Z,Jieba + CC-CEDICT
267,风貌.com,xn--mj3a94v.com,2,404,n,style; manner; ethos,生活审美,91.9,11.25,1,https://vercel.com/domains/search?q=xn--mj3a94v.com,2026-07-23T18:36:19.165Z,Jieba + CC-CEDICT
268,心肠.com,xn--15tn54e.com,2,403,n,heart; intention; one's inclination; state of mind; to have the heart for sth; mood,品质价值,91.9,11.25,1,https://vercel.com/domains/search?q=xn--15tn54e.com,2026-07-23T18:36:19.165Z,Jieba + CC-CEDICT
269,体力.com,xn--tqqv3f.com,2,1023,n,physical strength; physical power,通用品牌,91.9,11.25,1,https://vercel.com/domains/search?q=xn--tqqv3f.com,2026-07-23T18:24:48.083Z,Jieba + CC-CEDICT
270,海阔天空.com,xn--rss758btpjr10a.com,4,28,i,wide sea and sky (idiom); boundless open vistas; the whole wide world; chatting about everything under the sun,生活审美,91.8,11.25,1,https://vercel.com/domains/search?q=xn--rss758btpjr10a.com,2026-07-23T18:39:10.415Z,Jieba + CC-CEDICT
271,一气呵成.com,xn--4gq40ntwm8wj.com,4,84,i,to do something at one go; to flow smoothly,成语意象,91.8,11.25,1,https://vercel.com/domains/search?q=xn--4gq40ntwm8wj.com,2026-07-23T18:39:10.418Z,Jieba + CC-CEDICT
272,心怀.com,xn--15t4e.com,2,385,n,to harbor (thoughts); to cherish; to entertain (illusions),品质价值,91.8,11.25,1,https://vercel.com/domains/search?q=xn--15t4e.com,2026-07-23T18:36:19.167Z,Jieba + CC-CEDICT
273,民心.com,xn--15tu7y.com,2,384,n,popular sentiment,品质价值,91.8,11.25,1,https://vercel.com/domains/search?q=xn--15tu7y.com,2026-07-23T18:36:19.167Z,Jieba + CC-CEDICT
274,多姿多彩.com,xn--cssa00ep2n.com,4,82,i,diversity (of forms and colors),成语意象,91.7,11.25,1,https://vercel.com/domains/search?q=xn--cssa00ep2n.com,2026-07-23T18:39:10.415Z,Jieba + CC-CEDICT
275,同心同德.com,xn--dqra570glb.com,4,82,i,of one mind (idiom),品质价值,91.7,11.25,1,https://vercel.com/domains/search?q=xn--dqra570glb.com,2026-07-23T18:36:19.167Z,Jieba + CC-CEDICT
276,脱颖而出.com,xn--79qz63idzaq89d.com,4,215,i,to reveal one's talent (idiom); to rise above others; to distinguish oneself,成语意象,91.7,11.25,1,https://vercel.com/domains/search?q=xn--79qz63idzaq89d.com,2026-07-23T18:36:19.165Z,Jieba + CC-CEDICT
277,壮大.com,xn--2qs0e.com,2,929,a,to strengthen; to build up; to grow strong and large,通用品牌,91.6,11.25,1,https://vercel.com/domains/search?q=xn--2qs0e.com,2026-07-23T18:28:33.159Z,Jieba + CC-CEDICT
278,高瞻远瞩.com,xn--u5y9ax63kl7j.com,4,76,i,to stand tall and see far (idiom); taking the long and broad view; acute foresight,成语意象,91.6,11.25,1,https://vercel.com/domains/search?q=xn--u5y9ax63kl7j.com,2026-07-23T18:36:19.167Z,Jieba + CC-CEDICT
279,胆子.com,xn--i8sr58f.com,2,887,n,courage; nerve; guts,通用品牌,91.6,11.25,1,https://vercel.com/domains/search?q=xn--i8sr58f.com,2026-07-23T18:28:33.159Z,Jieba + CC-CEDICT
280,豁然开朗.com,xn--h0tz3pbwig91a.com,4,73,i,suddenly opens up to a wide panorama (idiom); to come to a wide clearing; fig. everything becomes clear at once; to achieve speedy enlightenment,成语意象,91.5,11.25,1,https://vercel.com/domains/search?q=xn--h0tz3pbwig91a.com,2026-07-23T18:36:19.165Z,Jieba + CC-CEDICT
281,问心无愧.com,xn--15tw4av7h5z4d.com,4,73,i,"lit. look into one's heart, no shame (idiom); with a clear conscience",品质价值,91.5,11.25,1,https://vercel.com/domains/search?q=xn--15tw4av7h5z4d.com,2026-07-23T18:36:19.167Z,Jieba + CC-CEDICT
282,风光旖旎.com,xn--54q131cxa4033c.com,4,23,i,(idiom) idyllic scenery; picturesque landscape,生活审美,91.5,11.25,1,https://vercel.com/domains/search?q=xn--54q131cxa4033c.com,2026-07-23T18:39:10.410Z,Jieba + CC-CEDICT
283,恰到好处.com,xn--rcr59nmkp3u.com,4,197,i,it's just perfect; it's just right,成语意象,91.5,11.25,1,https://vercel.com/domains/search?q=xn--rcr59nmkp3u.com,2026-07-23T18:36:19.167Z,Jieba + CC-CEDICT
284,名不虚传.com,xn--ihqzzf2jyw7d.com,4,194,i,(idiom) to live up to one's famous name; its reputation is well deserved,成语意象,91.4,11.25,1,https://vercel.com/domains/search?q=xn--ihqzzf2jyw7d.com,2026-07-23T18:36:19.167Z,Jieba + CC-CEDICT
285,字数.com,xn--p8sw8u.com,2,831,n,number of written characters; number of words; word count,通用品牌,91.4,11.25,1,https://vercel.com/domains/search?q=xn--p8sw8u.com,2026-07-23T18:28:33.159Z,Jieba + CC-CEDICT
286,雨后春笋.com,xn--fqrw43buipepz.com,4,68,i,"lit. after rain, the spring bamboo (idiom); fig. rapid new growth; many new things emerge in rapid succession",生活审美,91.4,11.25,1,https://vercel.com/domains/search?q=xn--fqrw43buipepz.com,2026-07-23T18:36:19.168Z,Jieba + CC-CEDICT
287,眼色.com,xn--q2y22v.com,2,813,n,signal made with one's eyes; meaningful glance,生活审美,91.3,11.25,1,https://vercel.com/domains/search?q=xn--q2y22v.com,2026-07-23T18:28:33.159Z,Jieba + CC-CEDICT
288,头陀.com,xn--2ssq43l.com,2,798,n,itinerant monk (loanword from Sanskrit),通用品牌,91.3,11.25,1,https://vercel.com/domains/search?q=xn--2ssq43l.com,2026-07-23T18:28:33.159Z,Jieba + CC-CEDICT
289,风驰电掣.com,xn--ezuz40bd5z1mb.com,4,66,i,fast as lightning,生活审美,91.3,11.25,1,https://vercel.com/domains/search?q=xn--ezuz40bd5z1mb.com,2026-07-23T18:39:10.415Z,Jieba + CC-CEDICT
290,花团锦簇.com,xn--3bs677fgsebpv.com,4,66,i,brightly colored decorations (idiom); splendid,生活审美,91.3,11.25,1,https://vercel.com/domains/search?q=xn--3bs677fgsebpv.com,2026-07-23T18:39:10.414Z,Jieba + CC-CEDICT
291,眉清目秀.com,xn--c5w03qjcw2l.com,4,66,i,pretty; with delicate features,生活审美,91.2,11.25,1,https://vercel.com/domains/search?q=xn--c5w03qjcw2l.com,2026-07-23T18:39:10.415Z,Jieba + CC-CEDICT
292,较差.com,xn--nstq71i.com,2,786,a,range (the difference between the lowest and highest values),通用品牌,91.2,11.25,1,https://vercel.com/domains/search?q=xn--nstq71i.com,2026-07-23T18:36:19.167Z,Jieba + CC-CEDICT
293,两全其美.com,xn--5hq82fhbz952a.com,4,65,i,to satisfy rival demands (idiom); to get the best of both worlds; to have it both ways; to have one's cake and eat it too,生活审美,91.2,11.25,1,https://vercel.com/domains/search?q=xn--5hq82fhbz952a.com,2026-07-23T18:36:19.168Z,Jieba + CC-CEDICT
294,善解人意.com,xn--gmq58nlxkq84b.com,4,65,i,to be good at understanding others (idiom),品质价值,91.1,11.25,1,https://vercel.com/domains/search?q=xn--gmq58nlxkq84b.com,2026-07-23T18:36:19.168Z,Jieba + CC-CEDICT
295,深谋远虑.com,xn--r4wy33cw6dxpe.com,4,64,i,lit. deep plans and distant thoughts; to plan far ahead (idiom),成语意象,91.1,11.25,1,https://vercel.com/domains/search?q=xn--r4wy33cw6dxpe.com,2026-07-23T18:36:19.168Z,Jieba + CC-CEDICT
296,大名鼎鼎.com,xn--eqrp2j5v6ea.com,4,174,i,grand reputation; renowned; famous,成语意象,91.1,11.25,1,https://vercel.com/domains/search?q=xn--eqrp2j5v6ea.com,2026-07-23T18:39:10.414Z,Jieba + CC-CEDICT
297,性情.com,xn--w8trn.com,2,755,n,nature; temperament,通用品牌,91.0,11.25,1,https://vercel.com/domains/search?q=xn--w8trn.com,2026-07-23T18:28:33.160Z,Jieba + CC-CEDICT
298,名将.com,xn--eqr88p.com,2,754,n,famous general; (sports) renowned athlete,通用品牌,91.0,11.25,1,https://vercel.com/domains/search?q=xn--eqr88p.com,2026-07-23T18:28:33.160Z,Jieba + CC-CEDICT
299,事宜.com,xn--3kq713a.com,2,754,n,matters; arrangements,通用品牌,91.0,11.25,1,https://vercel.com/domains/search?q=xn--3kq713a.com,2026-07-23T18:28:33.160Z,Jieba + CC-CEDICT
300,水到渠成.com,xn--rcrw00bqthj2b.com,4,62,i,"lit. where water flows, a canal is formed (idiom); fig. when conditions are right, success will follow naturally",成语意象,91.0,11.25,1,https://vercel.com/domains/search?q=xn--rcrw00bqthj2b.com,2026-07-23T18:39:10.415Z,Jieba + CC-CEDICT
301,声势.com,xn--ugrx7l.com,2,749,n,fame and power; prestige; influence; impetus; momentum,内容文化,90.9,11.25,1,https://vercel.com/domains/search?q=xn--ugrx7l.com,2026-07-23T18:28:33.160Z,Jieba + CC-CEDICT
302,天上.com,xn--fhqx4y.com,2,1256,s,the sky; the heavens,生活审美,90.9,11.25,1,https://vercel.com/domains/search?q=xn--fhqx4y.com,2026-07-23T18:36:19.167Z,Jieba + CC-CEDICT
303,地壳.com,xn--cesw4b.com,2,744,n,the Earth's crust,通用品牌,90.9,11.25,1,https://vercel.com/domains/search?q=xn--cesw4b.com,2026-07-23T18:28:33.160Z,Jieba + CC-CEDICT
304,坚决.com,xn--67qq1l.com,2,3168,ad,firm; resolute; determined,通用品牌,90.8,11.25,1,https://vercel.com/domains/search?q=xn--67qq1l.com,2026-07-23T18:24:48.083Z,Jieba + CC-CEDICT
305,重见天日.com,xn--rss490a241aozg.com,4,61,i,to see the light again (idiom); delivered from oppression,生活审美,90.8,11.25,1,https://vercel.com/domains/search?q=xn--rss490a241aozg.com,2026-07-23T18:39:10.415Z,Jieba + CC-CEDICT
306,变质.com,xn--vors74k.com,2,742,n,to degenerate; to deteriorate; (of food) to go bad; to go off; (geology) metamorphism,通用品牌,90.8,11.25,1,https://vercel.com/domains/search?q=xn--vors74k.com,2026-07-23T18:28:33.160Z,Jieba + CC-CEDICT
307,大纲.com,xn--pssq78f.com,2,739,n,synopsis; outline; program; leading principles,通用品牌,90.7,11.25,1,https://vercel.com/domains/search?q=xn--pssq78f.com,2026-07-23T18:28:33.160Z,Jieba + CC-CEDICT
308,因地制宜.com,xn--xcr96i4g89m.com,4,167,i,(idiom) to use methods in line with local circumstances,成语意象,90.7,11.25,1,https://vercel.com/domains/search?q=xn--xcr96i4g89m.com,2026-07-23T18:36:19.167Z,Jieba + CC-CEDICT
309,富户.com,xn--1ct42m.com,2,732,n,rich family; large landlord,通用品牌,90.7,11.25,1,https://vercel.com/domains/search?q=xn--1ct42m.com,2026-07-23T18:36:19.167Z,Jieba + CC-CEDICT
310,入学.com,xn--y5qt7v.com,2,732,n,to enter a school or college; to go to school for the first time as a child,通用品牌,90.7,11.25,1,https://vercel.com/domains/search?q=xn--y5qt7v.com,2026-07-23T18:36:19.167Z,Jieba + CC-CEDICT
311,王位.com,xn--nqq769f.com,2,732,n,title of king; kingship,通用品牌,90.6,11.25,1,https://vercel.com/domains/search?q=xn--nqq769f.com,2026-07-23T18:36:19.167Z,Jieba + CC-CEDICT
312,立竿见影.com,xn--p3tt22dqe649c.com,4,60,i,(lit.) set up a pole and immediately see its shadow (idiom); (fig.) to get instant results,内容文化,90.6,11.25,1,https://vercel.com/domains/search?q=xn--p3tt22dqe649c.com,2026-07-23T18:36:19.168Z,Jieba + CC-CEDICT
313,队友.com,xn--ior965m.com,2,731,n,teammate; fellow team member,通用品牌,90.6,11.25,1,https://vercel.com/domains/search?q=xn--ior965m.com,2026-07-23T18:36:19.167Z,Jieba + CC-CEDICT
314,语族.com,xn--9fv816f.com,2,729,n,language branch,通用品牌,90.5,11.25,1,https://vercel.com/domains/search?q=xn--9fv816f.com,2026-07-23T18:36:19.167Z,Jieba + CC-CEDICT
315,编钟.com,xn--5p0a045b.com,2,725,n,set of bells (old Chinese music instrument),通用品牌,90.5,11.25,1,https://vercel.com/domains/search?q=xn--5p0a045b.com,2026-07-23T18:36:19.164Z,Jieba + CC-CEDICT
316,士气.com,xn--zqsu95b.com,2,724,n,morale,通用品牌,90.5,11.25,1,https://vercel.com/domains/search?q=xn--zqsu95b.com,2026-07-23T18:36:19.167Z,Jieba + CC-CEDICT
317,弃权.com,xn--k0tp7p.com,2,722,n,to waive a right; to abstain (from voting); (sports) to forfeit (a game); to voluntarily withdraw from a match,通用品牌,90.4,11.25,1,https://vercel.com/domains/search?q=xn--k0tp7p.com,2026-07-23T18:36:19.164Z,Jieba + CC-CEDICT
318,亲属.com,xn--7lq264a.com,2,721,n,kin; kindred; relatives,通用品牌,90.4,11.25,1,https://vercel.com/domains/search?q=xn--7lq264a.com,2026-07-23T18:36:19.167Z,Jieba + CC-CEDICT
319,顺其自然.com,xn--g6qx78erolcjv.com,4,59,i,to let nature take its course (idiom),成语意象,90.4,11.25,1,https://vercel.com/domains/search?q=xn--g6qx78erolcjv.com,2026-07-23T18:36:19.167Z,Jieba + CC-CEDICT
320,酒杯.com,xn--5rv654g.com,2,719,n,wine cup,通用品牌,90.4,11.25,1,https://vercel.com/domains/search?q=xn--5rv654g.com,2026-07-23T18:36:19.167Z,Jieba + CC-CEDICT
321,现任.com,xn--boqt80g.com,2,719,n,"to occupy a post currently; current (president etc); incumbent; (coll.) current boyfriend (girlfriend, spouse)",通用品牌,90.3,11.25,1,https://vercel.com/domains/search?q=xn--boqt80g.com,2026-07-23T18:36:19.167Z,Jieba + CC-CEDICT
322,郑重.com,xn--uf4akt.com,2,711,a,serious; solemn; earnest; conscientious,通用品牌,90.3,11.25,1,https://vercel.com/domains/search?q=xn--uf4akt.com,2026-07-23T18:36:19.167Z,Jieba + CC-CEDICT
323,水土.com,xn--uds930c.com,2,708,n,water and soil; surface water; natural environment (extended meaning); climate,通用品牌,90.3,11.25,1,https://vercel.com/domains/search?q=xn--uds930c.com,2026-07-23T18:36:19.167Z,Jieba + CC-CEDICT
324,窗户.com,xn--zoun65c.com,2,707,n,"window; CL:個|个[ge4],扇[shan4]",通用品牌,90.2,11.25,1,https://vercel.com/domains/search?q=xn--zoun65c.com,2026-07-23T18:36:19.167Z,Jieba + CC-CEDICT
325,仔细.com,xn--6mqu28i.com,2,2997,ad,careful; attentive; cautious; to be careful; to look out; (dialect) thrifty; frugal,通用品牌,90.2,11.25,1,https://vercel.com/domains/search?q=xn--6mqu28i.com,2026-07-23T18:24:48.084Z,Jieba + CC-CEDICT
326,部件.com,xn--5nqq12n.com,2,700,n,part; component,通用品牌,90.2,11.25,1,https://vercel.com/domains/search?q=xn--5nqq12n.com,2026-07-23T18:36:19.167Z,Jieba + CC-CEDICT
327,绚丽多彩.com,xn--viqs8xp4e2t0b.com,4,57,i,(idiom) bright and colorful; gorgeous; magnificent,成语意象,90.1,11.25,1,https://vercel.com/domains/search?q=xn--viqs8xp4e2t0b.com,2026-07-23T18:36:19.168Z,Jieba + CC-CEDICT
328,意味深长.com,xn--btr560az4jj03b.com,4,157,i,profound; significant; meaningful,成语意象,90.1,11.25,1,https://vercel.com/domains/search?q=xn--btr560az4jj03b.com,2026-07-23T18:39:10.415Z,Jieba + CC-CEDICT
329,疗效.com,xn--fcvx67a.com,2,692,n,healing efficacy; healing effect,商业价值,90.1,11.25,1,https://vercel.com/domains/search?q=xn--fcvx67a.com,2026-07-23T18:36:19.167Z,Jieba + CC-CEDICT
330,朴实无华.com,xn--xkr56qdzi2kb.com,4,56,i,(idiom) simple; plain; unadorned,成语意象,90.1,11.25,1,https://vercel.com/domains/search?q=xn--xkr56qdzi2kb.com,2026-07-23T18:36:19.168Z,Jieba + CC-CEDICT
331,名列.com,xn--1brq1c.com,2,688,n,"to rank (number 1, or third last etc); to be among (those who are in a particular group)",通用品牌,90.0,11.25,1,https://vercel.com/domains/search?q=xn--1brq1c.com,2026-07-23T18:36:19.167Z,Jieba + CC-CEDICT
332,兄长.com,xn--04q667n.com,2,686,n,elder brother; term of respect for a man of about the same age,通用品牌,90.0,11.25,1,https://vercel.com/domains/search?q=xn--04q667n.com,2026-07-23T18:36:19.167Z,Jieba + CC-CEDICT
333,师徒.com,xn--ett37a.com,2,685,n,master and disciple,通用品牌,90.0,11.25,1,https://vercel.com/domains/search?q=xn--ett37a.com,2026-07-23T18:36:19.167Z,Jieba + CC-CEDICT
334,体格.com,xn--tqq202d.com,2,679,n,bodily health; one's physical state; physique,通用品牌,89.9,11.25,1,https://vercel.com/domains/search?q=xn--tqq202d.com,2026-07-23T18:36:19.165Z,Jieba + CC-CEDICT
335,出场.com,xn--79qv1k.com,2,677,n,(of a performer) to come onto the stage to perform; (of an athlete) to enter the arena to compete; (fig.) to enter the scene (e.g. a new product); (of an examinee etc) to leave the venue,通用品牌,89.9,11.25,1,https://vercel.com/domains/search?q=xn--79qv1k.com,2026-07-23T18:36:19.167Z,Jieba + CC-CEDICT
336,短暂.com,xn--elvq10b.com,2,675,a,of short duration; brief; momentary,通用品牌,89.9,11.25,1,https://vercel.com/domains/search?q=xn--elvq10b.com,2026-07-23T18:36:19.167Z,Jieba + CC-CEDICT
337,先令.com,xn--nnq01d.com,2,662,n,(loanword) shilling,通用品牌,89.8,11.25,1,https://vercel.com/domains/search?q=xn--nnq01d.com,2026-07-23T18:36:19.167Z,Jieba + CC-CEDICT
338,波长.com,xn--0ww897f.com,2,661,n,wavelength,通用品牌,89.8,11.25,1,https://vercel.com/domains/search?q=xn--0ww897f.com,2026-07-23T18:36:19.167Z,Jieba + CC-CEDICT
339,客场.com,xn--mes75h.com,2,660,n,away-game arena; away-game venue,通用品牌,89.8,11.25,1,https://vercel.com/domains/search?q=xn--mes75h.com,2026-07-23T18:36:19.165Z,Jieba + CC-CEDICT
340,身临其境.com,xn--miq42fz9hny4d.com,4,53,i,(idiom) to experience it for oneself; to actually *be* there (as opposed to reading about it etc),成语意象,89.8,11.25,1,https://vercel.com/domains/search?q=xn--miq42fz9hny4d.com,2026-07-23T18:39:10.415Z,Jieba + CC-CEDICT
341,畸形.com,xn--92to50c.com,2,653,n,deformed; malformed; lopsided; unbalanced,通用品牌,89.7,11.25,1,https://vercel.com/domains/search?q=xn--92to50c.com,2026-07-23T18:36:19.167Z,Jieba + CC-CEDICT
342,平坦.com,xn--vfsx7n.com,2,653,a,level; even; smooth; flat,通用品牌,89.7,11.25,1,https://vercel.com/domains/search?q=xn--vfsx7n.com,2026-07-23T18:36:19.167Z,Jieba + CC-CEDICT
343,动身.com,xn--6fro01l.com,2,649,n,to go on a journey; to leave,通用品牌,89.7,11.25,1,https://vercel.com/domains/search?q=xn--6fro01l.com,2026-07-23T18:36:19.167Z,Jieba + CC-CEDICT
344,容貌.com,xn--ict294i.com,2,647,n,one's appearance; one's aspect; looks; features,通用品牌,89.6,11.25,1,https://vercel.com/domains/search?q=xn--ict294i.com,2026-07-23T18:36:19.167Z,Jieba + CC-CEDICT
345,心心相印.com,xn--wlrr00aa878u.com,4,52,i,two hearts beat as one (idiom); a kindred spirit,品质价值,89.6,11.25,1,https://vercel.com/domains/search?q=xn--wlrr00aa878u.com,2026-07-23T18:36:19.167Z,Jieba + CC-CEDICT
346,别名.com,xn--mcrt9b.com,2,646,a,alias; alternative name,通用品牌,89.6,11.25,1,https://vercel.com/domains/search?q=xn--mcrt9b.com,2026-07-23T18:36:19.167Z,Jieba + CC-CEDICT
347,淋漓尽致.com,xn--9ft712be2an91c.com,4,145,i,lit. extreme saturation (idiom); fig. vividly and thoroughly; in great detail; without restraint; (of a performance) brilliant,成语意象,89.5,11.25,1,https://vercel.com/domains/search?q=xn--9ft712be2an91c.com,2026-07-23T18:36:19.167Z,Jieba + CC-CEDICT
348,有条不紊.com,xn--ihqx22dthaz87e.com,4,145,i,regular and thorough (idiom); methodically arranged,成语意象,89.5,11.25,1,https://vercel.com/domains/search?q=xn--ihqx22dthaz87e.com,2026-07-23T18:36:19.167Z,Jieba + CC-CEDICT
349,构件.com,xn--5nq811d.com,2,642,n,member; component; part,通用品牌,89.5,11.25,1,https://vercel.com/domains/search?q=xn--5nq811d.com,2026-07-23T18:36:19.167Z,Jieba + CC-CEDICT
350,甲板.com,xn--msvv81a.com,2,641,n,deck (of a ship or boat),通用品牌,89.5,11.25,1,https://vercel.com/domains/search?q=xn--msvv81a.com,2026-07-23T18:36:19.167Z,Jieba + CC-CEDICT
351,折子.com,xn--i8s52o.com,2,638,n,folding notebook; accounts book,通用品牌,89.4,11.25,1,https://vercel.com/domains/search?q=xn--i8s52o.com,2026-07-23T18:36:19.167Z,Jieba + CC-CEDICT
352,繁多.com,xn--css977f.com,2,637,a,many and varied; of many different kinds,通用品牌,89.4,11.25,1,https://vercel.com/domains/search?q=xn--css977f.com,2026-07-23T18:36:19.167Z,Jieba + CC-CEDICT
353,出口成章.com,xn--79q79bc9x79x.com,4,51,i,(idiom) (of one's speech) eloquent; articulate,成语意象,89.4,11.25,1,https://vercel.com/domains/search?q=xn--79q79bc9x79x.com,2026-07-23T18:39:10.415Z,Jieba + CC-CEDICT
354,警官.com,xn--kbt752i.com,2,636,n,constable; police officer,通用品牌,89.3,11.25,1,https://vercel.com/domains/search?q=xn--kbt752i.com,2026-07-23T18:36:19.167Z,Jieba + CC-CEDICT
355,整治.com,xn--odvx5n.com,2,635,n,to bring under control; to regulate; to restore to good condition; (coll.) to fix (a person); to prepare (a meal etc),通用品牌,89.3,11.25,1,https://vercel.com/domains/search?q=xn--odvx5n.com,2026-07-23T18:36:19.167Z,Jieba + CC-CEDICT
356,悬殊.com,xn--pduv5v.com,2,629,a,vastly different; poles apart,通用品牌,89.3,11.25,1,https://vercel.com/domains/search?q=xn--pduv5v.com,2026-07-23T18:36:19.167Z,Jieba + CC-CEDICT
357,细细.com,xn--vn0aa.com,2,628,a,attentive; careful,通用品牌,89.2,11.25,1,https://vercel.com/domains/search?q=xn--vn0aa.com,2026-07-23T18:36:19.167Z,Jieba + CC-CEDICT
358,习以为常.com,xn--siq7cvsh02c.com,4,141,i,accustomed to; used to,成语意象,89.2,11.25,1,https://vercel.com/domains/search?q=xn--siq7cvsh02c.com,2026-07-23T18:39:10.415Z,Jieba + CC-CEDICT
359,约定俗成.com,xn--luqp00a27ejl7a.com,4,49,i,established by popular usage (idiom); common usage agreement; customary convention,成语意象,89.2,11.25,1,https://vercel.com/domains/search?q=xn--luqp00a27ejl7a.com,2026-07-23T18:39:10.415Z,Jieba + CC-CEDICT
360,全称.com,xn--15qz10h.com,2,612,n,full name,通用品牌,89.2,11.25,1,https://vercel.com/domains/search?q=xn--15qz10h.com,2026-07-23T18:36:19.167Z,Jieba + CC-CEDICT
361,惊动.com,xn--6frt24a.com,2,611,a,to alarm; to startle; to disturb,通用品牌,89.1,11.25,1,https://vercel.com/domains/search?q=xn--6frt24a.com,2026-07-23T18:36:19.167Z,Jieba + CC-CEDICT
362,坚固.com,xn--scspi.com,2,610,a,firm; firmly; hard; stable,通用品牌,89.1,11.25,1,https://vercel.com/domains/search?q=xn--scspi.com,2026-07-23T18:36:19.167Z,Jieba + CC-CEDICT
363,积雪.com,xn--hnzn70d.com,2,607,n,snow; snow cover; snow mantle,通用品牌,89.1,11.25,1,https://vercel.com/domains/search?q=xn--hnzn70d.com,2026-07-23T18:36:19.167Z,Jieba + CC-CEDICT
364,刮目相看.com,xn--pcrv90g4a2e.com,4,136,i,to have a whole new level of respect for sb or sth; to sit up and take notice (of sb's improved performance etc),成语意象,89.0,11.25,1,https://vercel.com/domains/search?q=xn--pcrv90g4a2e.com,2026-07-23T18:39:10.415Z,Jieba + CC-CEDICT
365,省城.com,xn--uisx93e.com,2,604,n,provincial capital,通用品牌,89.0,11.25,1,https://vercel.com/domains/search?q=xn--uisx93e.com,2026-07-23T18:36:19.167Z,Jieba + CC-CEDICT
366,矿藏.com,xn--b8yq80a.com,2,596,n,mineral resources,通用品牌,89.0,11.25,1,https://vercel.com/domains/search?q=xn--b8yq80a.com,2026-07-23T18:36:19.165Z,Jieba + CC-CEDICT
367,存储器.com,xn--k0qz3lkue.com,3,245,n,memory (computing),科技产品,88.9,11.25,1,https://vercel.com/domains/search?q=xn--k0qz3lkue.com,2026-07-23T18:42:16.249Z,Jieba + CC-CEDICT
368,言而有信.com,xn--vuq677c2vrg9i.com,4,47,i,to speak and keep one's promise (idiom); as good as one's word,品质价值,88.9,11.25,1,https://vercel.com/domains/search?q=xn--vuq677c2vrg9i.com,2026-07-23T18:36:19.168Z,Jieba + CC-CEDICT
369,关头.com,xn--d6qw2q.com,2,592,n,juncture; moment,通用品牌,88.9,11.25,1,https://vercel.com/domains/search?q=xn--d6qw2q.com,2026-07-23T18:36:19.167Z,Jieba + CC-CEDICT
370,外援.com,xn--7rsu6w.com,2,592,n,foreign aid; external aid; (sports) foreign player; player recruited from overseas,通用品牌,88.9,11.25,1,https://vercel.com/domains/search?q=xn--7rsu6w.com,2026-07-23T18:36:19.167Z,Jieba + CC-CEDICT
371,公道.com,xn--55q864m.com,2,590,n,justice; fairness; public highway,通用品牌,88.8,11.25,1,https://vercel.com/domains/search?q=xn--55q864m.com,2026-07-23T18:36:19.167Z,Jieba + CC-CEDICT
372,泥土.com,xn--udsp02c.com,2,587,n,earth; soil; mud; clay,通用品牌,88.8,11.25,1,https://vercel.com/domains/search?q=xn--udsp02c.com,2026-07-23T18:36:19.167Z,Jieba + CC-CEDICT
373,大功.com,xn--xfrv5m.com,2,586,n,great merit; great service,通用品牌,88.8,11.25,1,https://vercel.com/domains/search?q=xn--xfrv5m.com,2026-07-23T18:36:19.167Z,Jieba + CC-CEDICT
374,飞舞.com,xn--cd1aw97b.com,2,585,n,to flutter; to dance in the breeze,通用品牌,88.7,11.25,1,https://vercel.com/domains/search?q=xn--cd1aw97b.com,2026-07-23T18:36:19.167Z,Jieba + CC-CEDICT
375,真心实意.com,xn--qbt59gr2ao30d.com,4,84,l,(idiom) genuine; sincere; wholehearted,品质价值,88.7,11.25,1,https://vercel.com/domains/search?q=xn--qbt59gr2ao30d.com,2026-07-23T18:39:10.413Z,Jieba + CC-CEDICT
376,客车.com,xn--ubtq81j.com,2,583,n,coach; bus; passenger train,通用品牌,88.7,11.25,1,https://vercel.com/domains/search?q=xn--ubtq81j.com,2026-07-23T18:36:19.167Z,Jieba + CC-CEDICT
377,惊醒.com,xn--keuv99h.com,2,582,a,to rouse; to be woken by sth; to wake with a start; to sleep lightly,通用品牌,88.6,11.25,1,https://vercel.com/domains/search?q=xn--keuv99h.com,2026-07-23T18:36:19.167Z,Jieba + CC-CEDICT
378,字样.com,xn--p8so31a.com,2,582,n,"model or template character; written slogan or phrase; mention (e.g. ""air mail"" 航空 on a letter, ""first draft"" 初稿 on a document etc)",通用品牌,88.6,11.25,1,https://vercel.com/domains/search?q=xn--p8so31a.com,2026-07-23T18:36:19.167Z,Jieba + CC-CEDICT
379,好歹.com,xn--5us813b.com,2,578,n,good and bad; most unfortunate occurrence; in any case; whatever,通用品牌,88.6,11.25,1,https://vercel.com/domains/search?q=xn--5us813b.com,2026-07-23T18:36:19.165Z,Jieba + CC-CEDICT
380,田地.com,xn--cesz11e.com,2,576,n,field; farmland; cropland; plight; extent,通用品牌,88.6,11.25,1,https://vercel.com/domains/search?q=xn--cesz11e.com,2026-07-23T18:36:19.167Z,Jieba + CC-CEDICT
381,人次.com,xn--gmq550e.com,2,575,n,person-times; visits; classifier for number of people participating,通用品牌,88.5,11.25,1,https://vercel.com/domains/search?q=xn--gmq550e.com,2026-07-23T18:36:19.167Z,Jieba + CC-CEDICT
382,庄稼.com,xn--xwty03d.com,2,575,n,farm crop,通用品牌,88.5,11.25,1,https://vercel.com/domains/search?q=xn--xwty03d.com,2026-07-23T18:36:19.167Z,Jieba + CC-CEDICT
383,见多识广.com,xn--css88jfz8beyb.com,4,128,i,(idiom) experienced and knowledgeable,成语意象,88.5,11.25,1,https://vercel.com/domains/search?q=xn--css88jfz8beyb.com,2026-07-23T18:36:19.168Z,Jieba + CC-CEDICT
384,深思熟虑.com,xn--m8ts12a1ycrz3a.com,4,128,i,mature reflection; after careful deliberations,成语意象,88.4,11.25,1,https://vercel.com/domains/search?q=xn--m8ts12a1ycrz3a.com,2026-07-23T18:39:10.415Z,Jieba + CC-CEDICT
385,救济.com,xn--ocvt1p.com,2,571,n,emergency relief; to help the needy with cash or goods,通用品牌,88.4,11.25,1,https://vercel.com/domains/search?q=xn--ocvt1p.com,2026-07-23T18:36:19.167Z,Jieba + CC-CEDICT
386,交界.com,xn--tlq555g.com,2,569,n,common boundary; common border,通用品牌,88.4,11.25,1,https://vercel.com/domains/search?q=xn--tlq555g.com,2026-07-23T18:36:19.167Z,Jieba + CC-CEDICT
387,交锋.com,xn--tlq592o.com,2,568,n,to cross swords; to have a confrontation (with sb),通用品牌,88.3,11.25,1,https://vercel.com/domains/search?q=xn--tlq592o.com,2026-07-23T18:36:19.167Z,Jieba + CC-CEDICT
388,世俗.com,xn--rhqq6b.com,2,567,n,profane; secular; worldly,通用品牌,88.3,11.25,1,https://vercel.com/domains/search?q=xn--rhqq6b.com,2026-07-23T18:36:19.167Z,Jieba + CC-CEDICT
389,剧社.com,xn--ceru06g.com,2,566,n,theater company,内容文化,88.3,11.25,1,https://vercel.com/domains/search?q=xn--ceru06g.com,2026-07-23T18:36:19.167Z,Jieba + CC-CEDICT
390,家门.com,xn--fct476k.com,2,565,n,house door; family clan,通用品牌,88.3,11.25,1,https://vercel.com/domains/search?q=xn--fct476k.com,2026-07-23T18:36:19.167Z,Jieba + CC-CEDICT
391,德高望重.com,xn--p5t97n4y2bsth.com,4,126,i,(idiom) a person of virtue and prestige; a person of good moral standing and reputation,成语意象,88.2,11.25,1,https://vercel.com/domains/search?q=xn--p5t97n4y2bsth.com,2026-07-23T18:36:19.168Z,Jieba + CC-CEDICT
392,气概.com,xn--c7vt8c.com,2,562,n,lofty quality; mettle; spirit,通用品牌,88.2,11.25,1,https://vercel.com/domains/search?q=xn--c7vt8c.com,2026-07-23T18:36:19.167Z,Jieba + CC-CEDICT
393,耐人寻味.com,xn--gmq62li7gvp4b.com,4,124,i,(idiom) thought-provoking; to provide food for thought,成语意象,88.2,11.25,1,https://vercel.com/domains/search?q=xn--gmq62li7gvp4b.com,2026-07-23T18:36:19.168Z,Jieba + CC-CEDICT
394,称心如意.com,xn--bvs78lr2a287d.com,4,43,i,(idiom) after one's own heart; gratifying; satisfactory; everything one could wish,品质价值,88.1,11.25,1,https://vercel.com/domains/search?q=xn--bvs78lr2a287d.com,2026-07-23T18:36:19.168Z,Jieba + CC-CEDICT
395,照料.com,xn--qevr6x.com,2,547,n,to tend; to take care of sb,通用品牌,88.1,11.25,1,https://vercel.com/domains/search?q=xn--qevr6x.com,2026-07-23T18:36:19.167Z,Jieba + CC-CEDICT
396,后花园.com,xn--fqrs0el62d.com,3,83,n,backyard garden,生活审美,88.1,11.25,1,https://vercel.com/domains/search?q=xn--fqrs0el62d.com,2026-07-23T18:42:16.249Z,Jieba + CC-CEDICT
397,运力.com,xn--tfr573l.com,2,535,n,transport capacity,通用品牌,88.0,11.25,1,https://vercel.com/domains/search?q=xn--tfr573l.com,2026-07-23T18:36:19.165Z,Jieba + CC-CEDICT
398,脚踏实地.com,xn--cesx6hrw4bd3k.com,4,119,i,to have one's feet firmly planted on the ground (idiom); realistic without flights of fancy; steady and serious character,成语意象,88.0,11.25,1,https://vercel.com/domains/search?q=xn--cesx6hrw4bd3k.com,2026-07-23T18:36:19.168Z,Jieba + CC-CEDICT
399,循序渐进.com,xn--8wtnye94ay26a.com,4,119,i,"in sequence, step by step (idiom); to make steady progress incrementally",成语意象,88.0,11.25,1,https://vercel.com/domains/search?q=xn--8wtnye94ay26a.com,2026-07-23T18:36:19.168Z,Jieba + CC-CEDICT
400,船头.com,xn--2ss976g.com,2,533,n,the bow or prow of a ship,通用品牌,88.0,11.25,1,https://vercel.com/domains/search?q=xn--2ss976g.com,2026-07-23T18:36:19.167Z,Jieba + CC-CEDICT
401,生气勃勃.com,xn--ygra555qtii.com,4,118,i,(idiom) vibrant; full of vitality,成语意象,87.9,11.25,1,https://vercel.com/domains/search?q=xn--ygra555qtii.com,2026-07-23T18:36:19.165Z,Jieba + CC-CEDICT
402,传令.com,xn--nnq9e.com,2,527,n,to transmit an order,通用品牌,87.9,11.25,1,https://vercel.com/domains/search?q=xn--nnq9e.com,2026-07-23T18:36:19.167Z,Jieba + CC-CEDICT
403,高亢.com,xn--rlqw17p.com,2,527,a,"high-pitched and penetrating (musical instrument, voice etc); high-spirited; fever-pitched (atmosphere)",通用品牌,87.9,11.25,1,https://vercel.com/domains/search?q=xn--rlqw17p.com,2026-07-23T18:36:19.165Z,Jieba + CC-CEDICT
404,关门.com,xn--d6qw28n.com,2,527,n,to close a door; to lock a door; (of a shop etc) to close (for the night or permanently),通用品牌,87.8,11.25,1,https://vercel.com/domains/search?q=xn--d6qw28n.com,2026-07-23T18:36:19.167Z,Jieba + CC-CEDICT
405,教义.com,xn--7iq057c.com,2,527,n,creed; doctrine; teachings,通用品牌,87.8,11.25,1,https://vercel.com/domains/search?q=xn--7iq057c.com,2026-07-23T18:36:19.167Z,Jieba + CC-CEDICT
406,年头.com,xn--2ssz5j.com,2,527,n,start of the year; whole year; a particular year; period; days; epoch; a year's harvest,通用品牌,87.8,11.25,1,https://vercel.com/domains/search?q=xn--2ssz5j.com,2026-07-23T18:36:19.167Z,Jieba + CC-CEDICT
407,出类拔萃.com,xn--79qs42b4ltn2g.com,4,117,i,to excel the common (idiom); surpassing; preeminent; outstanding,成语意象,87.7,11.25,1,https://vercel.com/domains/search?q=xn--79qs42b4ltn2g.com,2026-07-23T18:36:19.168Z,Jieba + CC-CEDICT
408,功绩.com,xn--xfrq44h.com,2,524,n,feat; contribution; merits and achievements,通用品牌,87.7,11.25,1,https://vercel.com/domains/search?q=xn--xfrq44h.com,2026-07-23T18:36:19.167Z,Jieba + CC-CEDICT
409,江豚.com,xn--9sw459d.com,2,524,n,river dolphin,通用品牌,87.7,11.25,1,https://vercel.com/domains/search?q=xn--9sw459d.com,2026-07-23T18:36:19.167Z,Jieba + CC-CEDICT
410,情真意切.com,xn--lbr327amgx02f.com,4,40,i,(idiom) sincere; heartfelt,品质价值,87.7,11.25,1,https://vercel.com/domains/search?q=xn--lbr327amgx02f.com,2026-07-23T18:39:10.414Z,Jieba + CC-CEDICT
411,养精蓄锐.com,xn--l6qq86hcbf2rr.com,4,40,i,to preserve and nurture one's spirit (idiom); honing one's strength for the big push,成语意象,87.6,11.25,1,https://vercel.com/domains/search?q=xn--l6qq86hcbf2rr.com,2026-07-23T18:39:10.414Z,Jieba + CC-CEDICT
412,再接再厉.com,xn--36qa83mjv4a.com,4,115,i,to continue the struggle (idiom); to persist; unremitting efforts,成语意象,87.6,11.25,1,https://vercel.com/domains/search?q=xn--36qa83mjv4a.com,2026-07-23T18:36:19.168Z,Jieba + CC-CEDICT
413,学界.com,xn--48sq61d.com,2,514,n,academic world; academic circles; academia,通用品牌,87.6,11.25,1,https://vercel.com/domains/search?q=xn--48sq61d.com,2026-07-23T18:36:19.167Z,Jieba + CC-CEDICT
414,独善其身.com,xn--g6qr2his7a3ty.com,4,39,i,"(idiom) (originally, in Mencius) to cultivate one's moral character in solitude; (modern sense) to look after only one's own interests",品质价值,87.5,11.25,1,https://vercel.com/domains/search?q=xn--g6qr2his7a3ty.com,2026-07-23T18:39:10.414Z,Jieba + CC-CEDICT
415,水落石出.com,xn--79q325d0jislm.com,4,113,i,"(lit.) as the water recedes, the rocks appear (idiom); (fig.) the truth comes to light",成语意象,87.5,11.25,1,https://vercel.com/domains/search?q=xn--79q325d0jislm.com,2026-07-23T18:36:19.168Z,Jieba + CC-CEDICT
416,大雨.com,xn--pss005l.com,2,508,n,heavy rain; CL:場|场[chang2],生活审美,87.5,11.25,1,https://vercel.com/domains/search?q=xn--pss005l.com,2026-07-23T18:36:19.167Z,Jieba + CC-CEDICT
417,热泪.com,xn--8wwn9f.com,2,508,n,hot tears,通用品牌,87.4,11.25,1,https://vercel.com/domains/search?q=xn--8wwn9f.com,2026-07-23T18:36:19.167Z,Jieba + CC-CEDICT
418,熟人.com,xn--gmqp46f.com,2,506,n,acquaintance; friend,通用品牌,87.4,11.25,1,https://vercel.com/domains/search?q=xn--gmqp46f.com,2026-07-23T18:36:19.167Z,Jieba + CC-CEDICT
419,编队.com,xn--5p0at58b.com,2,505,n,to form into columns; to organize into teams; formation (of ships or aircraft),通用品牌,87.4,11.25,1,https://vercel.com/domains/search?q=xn--5p0at58b.com,2026-07-23T18:36:19.167Z,Jieba + CC-CEDICT
420,娘家.com,xn--lzso1b.com,2,505,n,wife's family (before marriage),通用品牌,87.4,11.25,1,https://vercel.com/domains/search?q=xn--lzso1b.com,2026-07-23T18:36:19.167Z,Jieba + CC-CEDICT
421,窑洞.com,xn--qywv00a.com,2,505,n,yaodong (a kind of cave dwelling in the Loess Plateau in northwest China); CL:孔[kong3],通用品牌,87.3,11.25,1,https://vercel.com/domains/search?q=xn--qywv00a.com,2026-07-23T18:36:19.167Z,Jieba + CC-CEDICT
422,举世瞩目.com,xn--rhqqdw10mmva.com,4,112,i,to receive worldwide attention,成语意象,87.3,11.25,1,https://vercel.com/domains/search?q=xn--rhqqdw10mmva.com,2026-07-23T18:39:10.415Z,Jieba + CC-CEDICT
423,一丝不苟.com,xn--4gq0a9bz417a.com,4,112,i,not one thread loose (idiom); strictly according to the rules; meticulous; not one hair out of place,成语意象,87.3,11.25,1,https://vercel.com/domains/search?q=xn--4gq0a9bz417a.com,2026-07-23T18:36:19.168Z,Jieba + CC-CEDICT
424,主子.com,xn--tiqu23a.com,2,503,n,Master (term used by servant); Your Majesty; operator (of machine),通用品牌,87.2,11.25,1,https://vercel.com/domains/search?q=xn--tiqu23a.com,2026-07-23T18:36:19.167Z,Jieba + CC-CEDICT
425,财力.com,xn--tfrx57k.com,2,499,n,financial resources,商业价值,87.2,11.25,1,https://vercel.com/domains/search?q=xn--tfrx57k.com,2026-07-23T18:36:19.164Z,Jieba + CC-CEDICT
426,蛛丝马迹.com,xn--yhq369kdzfyzk.com,4,110,i,lit. spider's thread and horse track; tiny hints (of a secret); traces; clue,成语意象,87.2,11.25,1,https://vercel.com/domains/search?q=xn--yhq369kdzfyzk.com,2026-07-23T18:39:10.415Z,Jieba + CC-CEDICT
427,伙计.com,xn--5oqr98l.com,2,496,n,partner; fellow; mate; waiter; servant; shop assistant,通用品牌,87.1,11.25,1,https://vercel.com/domains/search?q=xn--5oqr98l.com,2026-07-23T18:36:19.167Z,Jieba + CC-CEDICT
428,时节.com,xn--ehv884d.com,2,494,n,season; time,通用品牌,87.1,11.25,1,https://vercel.com/domains/search?q=xn--ehv884d.com,2026-07-23T18:36:19.167Z,Jieba + CC-CEDICT
429,外号.com,xn--rprz2j.com,2,494,n,nickname,通用品牌,87.1,11.25,1,https://vercel.com/domains/search?q=xn--rprz2j.com,2026-07-23T18:36:19.167Z,Jieba + CC-CEDICT
430,瓜分.com,xn--kbr126f.com,2,493,n,to partition; to divide up,通用品牌,87.1,11.25,1,https://vercel.com/domains/search?q=xn--kbr126f.com,2026-07-23T18:36:19.167Z,Jieba + CC-CEDICT
431,平息.com,xn--gwt17b.com,2,493,n,(of wind etc) to subside; to die down; to quell; to smooth over (a dispute etc); to suppress (a rebellion etc),通用品牌,87.0,11.25,1,https://vercel.com/domains/search?q=xn--gwt17b.com,2026-07-23T18:36:19.167Z,Jieba + CC-CEDICT
432,月薪.com,xn--7ovv59d.com,2,491,n,monthly income (in kind),通用品牌,87.0,11.25,1,https://vercel.com/domains/search?q=xn--7ovv59d.com,2026-07-23T18:36:19.167Z,Jieba + CC-CEDICT
433,案情.com,xn--feu10o.com,2,490,n,details of a legal case; facts and circumstances of a case (as established in investigation),通用品牌,87.0,11.25,1,https://vercel.com/domains/search?q=xn--feu10o.com,2026-07-23T18:36:19.167Z,Jieba + CC-CEDICT
434,问候.com,xn--hwq651o.com,2,489,n,to give one's respects; to send a greeting; (fig.) (coll.) to make offensive reference to (somebody dear to the person to whom one is speaking),通用品牌,86.9,11.25,1,https://vercel.com/domains/search?q=xn--hwq651o.com,2026-07-23T18:36:19.167Z,Jieba + CC-CEDICT
435,间隔.com,xn--fi5a8l.com,2,488,n,"gap; interval; compartment; to divide; to separate; to leave a gap of (two weeks, three meters etc)",通用品牌,86.9,11.25,1,https://vercel.com/domains/search?q=xn--fi5a8l.com,2026-07-23T18:36:19.167Z,Jieba + CC-CEDICT
436,名次.com,xn--eqry05c.com,2,485,n,position in a ranking of names; place; rank,通用品牌,86.9,11.25,1,https://vercel.com/domains/search?q=xn--eqry05c.com,2026-07-23T18:36:19.167Z,Jieba + CC-CEDICT
437,突飞猛进.com,xn--j7xt1ntmtvhi.com,4,107,i,to advance by leaps and bounds,成语意象,86.9,11.25,1,https://vercel.com/domains/search?q=xn--j7xt1ntmtvhi.com,2026-07-23T18:39:10.415Z,Jieba + CC-CEDICT
438,大户.com,xn--pssu4s.com,2,481,n,great family; rich family; large landlord; conspicuous spender or consumer,通用品牌,86.8,11.25,1,https://vercel.com/domains/search?q=xn--pssu4s.com,2026-07-23T18:36:19.167Z,Jieba + CC-CEDICT
439,植株.com,xn--ixvqt.com,2,481,n,(agriculture) plant,通用品牌,86.8,11.25,1,https://vercel.com/domains/search?q=xn--ixvqt.com,2026-07-23T18:36:19.167Z,Jieba + CC-CEDICT
440,无忧无虑.com,xn--26tv6kba4334a.com,4,106,i,(idiom) carefree; without worries,成语意象,86.8,11.25,1,https://vercel.com/domains/search?q=xn--26tv6kba4334a.com,2026-07-23T18:36:19.168Z,Jieba + CC-CEDICT
441,喜笑颜开.com,xn--s1r81t3rxm60a.com,4,36,i,grinning from ear to ear (idiom); beaming with happiness,成语意象,86.7,11.25,1,https://vercel.com/domains/search?q=xn--s1r81t3rxm60a.com,2026-07-23T18:39:10.414Z,Jieba + CC-CEDICT
442,直言不讳.com,xn--ihqz01h7vm0sb.com,4,104,i,to speak bluntly (idiom); not to mince words,成语意象,86.7,11.25,1,https://vercel.com/domains/search?q=xn--ihqz01h7vm0sb.com,2026-07-23T18:36:19.168Z,Jieba + CC-CEDICT
443,议和.com,xn--0trx69j.com,2,470,n,to negotiate peace,通用品牌,86.7,11.25,1,https://vercel.com/domains/search?q=xn--0trx69j.com,2026-07-23T18:36:19.165Z,Jieba + CC-CEDICT
444,高性能.com,xn--w8tw44ekxr.com,3,191,n,high performance,科技产品,86.6,11.25,1,https://vercel.com/domains/search?q=xn--w8tw44ekxr.com,2026-07-23T18:42:16.249Z,Jieba + CC-CEDICT
445,难能可贵.com,xn--jpr716hfxh5rj.com,4,102,i,rare and precious; valuable; remarkable,成语意象,86.6,11.25,1,https://vercel.com/domains/search?q=xn--jpr716hfxh5rj.com,2026-07-23T18:39:10.415Z,Jieba + CC-CEDICT
446,生机勃勃.com,xn--ygra928mr8m.com,4,101,i,(idiom) vibrant; full of vitality,成语意象,86.6,11.25,1,https://vercel.com/domains/search?q=xn--ygra928mr8m.com,2026-07-23T18:36:19.167Z,Jieba + CC-CEDICT
447,有的放矢.com,xn--4bvu3by10abkb.com,4,101,i,lit. to have a target in mind when shooting one's arrows (idiom); fig. to have a clear objective,成语意象,86.6,11.25,1,https://vercel.com/domains/search?q=xn--4bvu3by10abkb.com,2026-07-23T18:36:19.168Z,Jieba + CC-CEDICT
448,独具匠心.com,xn--h6q53bk9wrjt.com,4,34,i,original and ingenious (idiom); to show great creativity,品质价值,86.5,11.25,1,https://vercel.com/domains/search?q=xn--h6q53bk9wrjt.com,2026-07-23T18:39:10.414Z,Jieba + CC-CEDICT
449,高耸入云.com,xn--9kqt2epw1e7iw.com,4,34,i,"tall and erect, reaching through the clouds (idiom); used to describe tall mountain or skyscraper",成语意象,86.5,11.25,1,https://vercel.com/domains/search?q=xn--9kqt2epw1e7iw.com,2026-07-23T18:39:10.414Z,Jieba + CC-CEDICT
450,琳琅满目.com,xn--mcxp3i6dx5i.com,4,99,i,(idiom) to be a feast for the eyes; to be a cornucopia of delights; to be diverse and abundant,成语意象,86.5,11.25,1,https://vercel.com/domains/search?q=xn--mcxp3i6dx5i.com,2026-07-23T18:36:19.168Z,Jieba + CC-CEDICT
451,眉飞色舞.com,xn--90y89ughu50f.com,4,99,i,smiles of exultation; radiant with delight,生活审美,86.4,11.25,1,https://vercel.com/domains/search?q=xn--90y89ughu50f.com,2026-07-23T18:39:10.415Z,Jieba + CC-CEDICT
452,着力.com,xn--tfrr66f.com,2,449,n,to put effort into sth; to try really hard,通用品牌,86.4,11.25,1,https://vercel.com/domains/search?q=xn--tfrr66f.com,2026-07-23T18:36:19.165Z,Jieba + CC-CEDICT
453,奇花异草.com,xn--mts46k888aora.com,4,33,i,(idiom) rare or exotic flowers and plants,生活审美,86.4,11.25,1,https://vercel.com/domains/search?q=xn--mts46k888aora.com,2026-07-23T18:39:10.415Z,Jieba + CC-CEDICT
454,亲爱.com,xn--7lq487f.com,2,443,a,dear; beloved; darling,通用品牌,86.3,11.25,1,https://vercel.com/domains/search?q=xn--7lq487f.com,2026-07-23T18:36:19.165Z,Jieba + CC-CEDICT
455,世上.com,xn--fhqxa.com,2,1877,s,on earth,通用品牌,86.3,11.25,1,https://vercel.com/domains/search?q=xn--fhqxa.com,2026-07-23T18:28:33.160Z,Jieba + CC-CEDICT
456,风和日丽.com,xn--viqq7mx9pp61c.com,4,32,i,"moderate wind, beautiful sun (idiom); fine sunny weather, esp. in springtime",生活审美,86.3,11.25,1,https://vercel.com/domains/search?q=xn--viqq7mx9pp61c.com,2026-07-23T18:36:19.167Z,Jieba + CC-CEDICT
457,泾渭分明.com,xn--kbr310cg6ew8a.com,4,32,i,as rivers Jing and Wei separate clearly (idiom); to be entirely different,成语意象,86.3,11.25,1,https://vercel.com/domains/search?q=xn--kbr310cg6ew8a.com,2026-07-23T18:39:10.415Z,Jieba + CC-CEDICT
458,铭心刻骨.com,xn--2crs34ats5bz1e.com,4,32,i,lit. etched into one's heart and bones (idiom); fig. etched in one's memory; remembered with gratitude as long as one lives,品质价值,86.2,11.25,1,https://vercel.com/domains/search?q=xn--2crs34ats5bz1e.com,2026-07-23T18:39:10.415Z,Jieba + CC-CEDICT
459,终生.com,xn--9myz9r.com,2,433,n,throughout one's life; lifetime; lifelong,通用品牌,86.2,11.25,1,https://vercel.com/domains/search?q=xn--9myz9r.com,2026-07-23T18:36:19.165Z,Jieba + CC-CEDICT
460,千载难逢.com,xn--mkro51lfoap5s.com,4,95,i,extremely rare (idiom); once in a blue moon,成语意象,86.2,11.25,1,https://vercel.com/domains/search?q=xn--mkro51lfoap5s.com,2026-07-23T18:36:19.168Z,Jieba + CC-CEDICT
461,言行.com,xn--jn2av8a.com,2,430,n,words and actions; what one says and what one does,通用品牌,86.1,11.25,1,https://vercel.com/domains/search?q=xn--jn2av8a.com,2026-07-23T18:36:19.165Z,Jieba + CC-CEDICT
462,沁人心脾.com,xn--gmq282btsj20u.com,4,31,i,(lit.) to penetrate deeply into the heart (idiom); (fig.) to gladden the heart; to be refreshing,品质价值,86.1,11.25,1,https://vercel.com/domains/search?q=xn--gmq282btsj20u.com,2026-07-23T18:39:10.415Z,Jieba + CC-CEDICT
463,飞黄腾达.com,xn--r70av50ag6gu6f.com,4,91,i,lit. the divine steed Feihuang gallops (idiom); fig. to achieve meteoric success in one's career,成语意象,86.1,11.25,1,https://vercel.com/domains/search?q=xn--r70av50ag6gu6f.com,2026-07-23T18:36:19.167Z,Jieba + CC-CEDICT
464,未雨绸缪.com,xn--6pvv34cke084g.com,4,91,i,"lit. before it rains, bind around with silk (idiom, from Book of Songs 詩經|诗经); fig. to plan ahead; to prepare for a rainy day",生活审美,86.0,11.25,1,https://vercel.com/domains/search?q=xn--6pvv34cke084g.com,2026-07-23T18:36:19.168Z,Jieba + CC-CEDICT
465,堂堂正正.com,xn--cksa799la.com,4,90,i,displaying strength and discipline; impressive; upright and frank; square,成语意象,86.0,11.25,1,https://vercel.com/domains/search?q=xn--cksa799la.com,2026-07-23T18:39:10.415Z,Jieba + CC-CEDICT
466,与日俱增.com,xn--jhqv9bn8noko.com,4,90,i,to increase steadily; to grow with each passing day,成语意象,86.0,11.25,1,https://vercel.com/domains/search?q=xn--jhqv9bn8noko.com,2026-07-23T18:39:10.415Z,Jieba + CC-CEDICT
467,纷至沓来.com,xn--vrv38ibusw6c.com,4,89,i,to come thick and fast (idiom),成语意象,86.0,11.25,1,https://vercel.com/domains/search?q=xn--vrv38ibusw6c.com,2026-07-23T18:36:19.168Z,Jieba + CC-CEDICT
468,井井有条.com,xn--elqa498pcka.com,4,89,i,everything clear and orderly (idiom); neat and tidy,成语意象,85.9,11.25,1,https://vercel.com/domains/search?q=xn--elqa498pcka.com,2026-07-23T18:36:19.168Z,Jieba + CC-CEDICT
469,一鼓作气.com,xn--4gqy6ag44d7g9b.com,4,88,i,in a spurt of energy,成语意象,85.9,11.25,1,https://vercel.com/domains/search?q=xn--4gqy6ag44d7g9b.com,2026-07-23T18:39:10.415Z,Jieba + CC-CEDICT
470,物力.com,xn--tfrz35e.com,2,403,n,physical resources (as opposed to labor resources),通用品牌,85.9,11.25,1,https://vercel.com/domains/search?q=xn--tfrz35e.com,2026-07-23T18:36:19.164Z,Jieba + CC-CEDICT
471,首屈一指.com,xn--4gqy16aciffv7d.com,4,87,i,to count as number one (idiom); second to none; outstanding,成语意象,85.8,11.25,1,https://vercel.com/domains/search?q=xn--4gqy16aciffv7d.com,2026-07-23T18:36:19.168Z,Jieba + CC-CEDICT
472,神清气爽.com,xn--4qw74bv6fr6i.com,4,28,i,(idiom) full of vitality; relaxed and alert,生活审美,85.8,11.25,1,https://vercel.com/domains/search?q=xn--4qw74bv6fr6i.com,2026-07-23T18:39:10.415Z,Jieba + CC-CEDICT
473,一尘不染.com,xn--4gq0a601ginl.com,4,85,i,(idiom) untainted by even a speck of dust; spotlessly clean; (of a person) honest; incorruptible,成语意象,85.8,11.25,1,https://vercel.com/domains/search?q=xn--4gq0a601ginl.com,2026-07-23T18:36:19.168Z,Jieba + CC-CEDICT
474,正面.com,xn--2lwo25g.com,2,1678,ad,front; obverse side; right side; positive; direct; open,通用品牌,85.7,11.25,1,https://vercel.com/domains/search?q=xn--2lwo25g.com,2026-07-23T18:36:19.167Z,Jieba + CC-CEDICT
475,进取心.com,xn--tor80zj32b.com,3,57,n,enterprising spirit; initiative,品质价值,85.7,11.25,1,https://vercel.com/domains/search?q=xn--tor80zj32b.com,2026-07-23T18:42:16.249Z,Jieba + CC-CEDICT
476,不假思索.com,xn--ihq17cr9ybj2a.com,4,83,i,(idiom) to act without taking time to think; to react instantly; to fire from the hip,成语意象,85.7,11.25,1,https://vercel.com/domains/search?q=xn--ihq17cr9ybj2a.com,2026-07-23T18:36:19.168Z,Jieba + CC-CEDICT
477,神采飞扬.com,xn--iqur42cwirppg.com,4,82,i,in high spirits (idiom); glowing with health and vigor,成语意象,85.7,11.25,1,https://vercel.com/domains/search?q=xn--iqur42cwirppg.com,2026-07-23T18:36:19.167Z,Jieba + CC-CEDICT
478,史无前例.com,xn--fsqz0ecvbu42b.com,4,81,i,(idiom) unprecedented in history,内容文化,85.6,11.25,1,https://vercel.com/domains/search?q=xn--fsqz0ecvbu42b.com,2026-07-23T18:36:19.168Z,Jieba + CC-CEDICT
479,风雨同舟.com,xn--dqr258hbbnsxb.com,4,25,i,lit. in the same boat under wind and rain (idiom); fig. to stick together in hard times,生活审美,85.6,11.25,1,https://vercel.com/domains/search?q=xn--dqr258hbbnsxb.com,2026-07-23T18:39:10.415Z,Jieba + CC-CEDICT
480,似曾相识.com,xn--5pq029cujlyiu.com,4,77,i,déjà vu (the experience of seeing exactly the same situation a second time); seemingly familiar; apparently already acquainted,成语意象,85.6,11.25,1,https://vercel.com/domains/search?q=xn--5pq029cujlyiu.com,2026-07-23T18:42:16.247Z,Jieba + CC-CEDICT
481,炙手可热.com,xn--jprz74a47kxja.com,4,77,i,"lit. burn your hand, feel the heat (idiom); fig. arrogance of the powerful; a mighty figure no-one dares approach; hot (exciting or in favor)",成语意象,85.5,11.25,1,https://vercel.com/domains/search?q=xn--jprz74a47kxja.com,2026-07-23T18:39:10.413Z,Jieba + CC-CEDICT
482,持之以恒.com,xn--9iq9n795bpqc.com,4,76,i,to pursue unremittingly (idiom); to persevere,成语意象,85.5,11.25,1,https://vercel.com/domains/search?q=xn--9iq9n795bpqc.com,2026-07-23T18:39:10.413Z,Jieba + CC-CEDICT
483,炯炯有神.com,xn--8ovr8sa700g.com,4,76,i,(idiom) (of eyes) bright and full of spirit; shining with vitality and presence,成语意象,85.5,11.25,1,https://vercel.com/domains/search?q=xn--8ovr8sa700g.com,2026-07-23T18:39:10.413Z,Jieba + CC-CEDICT
484,恰如其分.com,xn--g6qpnq5qzuh.com,4,76,i,(idiom) appropriate; apt; just right,成语意象,85.4,11.25,1,https://vercel.com/domains/search?q=xn--g6qpnq5qzuh.com,2026-07-23T18:39:10.414Z,Jieba + CC-CEDICT
485,字斟句酌.com,xn--8or16ov7i4r9b.com,4,76,i,weighing every word,成语意象,85.4,11.25,1,https://vercel.com/domains/search?q=xn--8or16ov7i4r9b.com,2026-07-23T18:42:16.247Z,Jieba + CC-CEDICT
486,接连不断.com,xn--ihq493cvnbm84f.com,4,352,l,(idiom) in unbroken succession; continuous,成语意象,85.4,11.25,1,https://vercel.com/domains/search?q=xn--ihq493cvnbm84f.com,2026-07-23T18:36:19.168Z,Jieba + CC-CEDICT
487,同甘共苦.com,xn--b6q56df90c6sl.com,4,75,i,shared delights and common hardships (idiom); to share life's joys and sorrows; for better or for worse,成语意象,85.4,11.25,1,https://vercel.com/domains/search?q=xn--b6q56df90c6sl.com,2026-07-23T18:39:10.414Z,Jieba + CC-CEDICT
488,异军突起.com,xn--i7qp04anpv0kr.com,4,75,i,to emerge as a new force to be reckoned with (idiom),成语意象,85.3,11.25,1,https://vercel.com/domains/search?q=xn--i7qp04anpv0kr.com,2026-07-23T18:39:10.414Z,Jieba + CC-CEDICT
489,周而复始.com,xn--zsry1ikqa873j.com,4,73,i,lit. the cycle comes back to the start (idiom); to move in circles; the wheel comes full circle,成语意象,85.3,11.25,1,https://vercel.com/domains/search?q=xn--zsry1ikqa873j.com,2026-07-23T18:39:10.414Z,Jieba + CC-CEDICT
490,浩如烟海.com,xn--bvsz67bibw5u.com,4,23,i,vast as the open sea (idiom); fig. extensive (library),生活审美,85.3,11.25,1,https://vercel.com/domains/search?q=xn--bvsz67bibw5u.com,2026-07-23T18:39:10.415Z,Jieba + CC-CEDICT
491,循循善诱.com,xn--30rz9ua5546b.com,4,23,i,to guide patiently and systematically (idiom),品质价值,85.2,11.25,1,https://vercel.com/domains/search?q=xn--30rz9ua5546b.com,2026-07-23T18:39:10.415Z,Jieba + CC-CEDICT
492,崭露头角.com,xn--2ss55gx34cjgl.com,4,72,i,to reveal outstanding talent (idiom); to stand out as conspicuously brilliant,成语意象,85.2,11.25,1,https://vercel.com/domains/search?q=xn--2ss55gx34cjgl.com,2026-07-23T18:39:10.414Z,Jieba + CC-CEDICT
493,人声鼎沸.com,xn--gmqu2wcsqxp1c.com,4,71,i,lit. a boiling cauldron of voices (idiom); hubbub; brouhaha,内容文化,85.2,11.25,1,https://vercel.com/domains/search?q=xn--gmqu2wcsqxp1c.com,2026-07-23T18:39:10.414Z,Jieba + CC-CEDICT
494,清蒸.com,xn--c5w479b.com,2,557,vn,steamed in broth,生活审美,85.1,11.25,1,https://vercel.com/domains/search?q=xn--c5w479b.com,2026-07-23T18:36:19.167Z,Jieba + CC-CEDICT
495,勇往直前.com,xn--ldr7k105agtx.com,4,70,i,to advance bravely,成语意象,85.1,11.25,1,https://vercel.com/domains/search?q=xn--ldr7k105agtx.com,2026-07-23T18:39:10.415Z,Jieba + CC-CEDICT
496,扬长避短.com,xn--iquq29be3rjse.com,4,69,i,to foster strengths and avoid weaknesses (idiom); to play to one's strengths,成语意象,85.1,11.25,1,https://vercel.com/domains/search?q=xn--iquq29be3rjse.com,2026-07-23T18:39:10.414Z,Jieba + CC-CEDICT
497,一蹴而就.com,xn--4gqv95a041aqbm.com,4,69,i,to get there in one step (idiom); easily done; success at a stroke; to get results overnight,成语意象,85.1,11.25,1,https://vercel.com/domains/search?q=xn--4gqv95a041aqbm.com,2026-07-23T18:39:10.414Z,Jieba + CC-CEDICT
498,水涨船高.com,xn--1rwy4ak56bmhx.com,4,68,i,"the tide rises, the boat floats (idiom); fig. to change with the overall trend; to develop according to the situation",成语意象,85.0,11.25,1,https://vercel.com/domains/search?q=xn--1rwy4ak56bmhx.com,2026-07-23T18:39:10.414Z,Jieba + CC-CEDICT
499,风行一时.com,xn--4gqz79cnjy71n.com,4,21,i,(idiom) to be popular for a while; to be all the rage for a time,生活审美,85.0,11.25,1,https://vercel.com/domains/search?q=xn--4gqz79cnjy71n.com,2026-07-23T18:39:10.414Z,Jieba + CC-CEDICT
500,锲而不舍.com,xn--ihqt23j9ibb99a.com,4,66,i,to chip away at a task and not abandon it (idiom); to chisel away at sth; to persevere; unflagging efforts,成语意象,85.0,11.25,1,https://vercel.com/domains/search?q=xn--ihqt23j9ibb99a.com,2026-07-23T18:39:10.414Z,Jieba + CC-CEDICT
501,守口如瓶.com,xn--6ors4kmwbcy2c.com,4,66,i,lit. to guard one's mouth like a closed bottle (idiom); tight-lipped; reticent; not breathing a word,成语意象,84.9,11.25,1,https://vercel.com/domains/search?q=xn--6ors4kmwbcy2c.com,2026-07-23T18:39:10.414Z,Jieba + CC-CEDICT
502,货真价实.com,xn--6nq512aqpvteu.com,4,116,l,(lit.) genuine goods at fair prices (idiom); (fig.) genuine; real; true,品质价值,84.9,11.25,1,https://vercel.com/domains/search?q=xn--6nq512aqpvteu.com,2026-07-23T18:39:10.415Z,Jieba + CC-CEDICT
503,脱胎换骨.com,xn--jxuv86dqiai38f.com,4,65,i,"to shed one's mortal body and exchange one's bones (idiom); born again Daoist; to turn over a new leaf; fig. to change wholly; to create from other material (story, artwork etc)",成语意象,84.9,11.25,1,https://vercel.com/domains/search?q=xn--jxuv86dqiai38f.com,2026-07-23T18:39:10.414Z,Jieba + CC-CEDICT
504,毫不犹豫.com,xn--ihqy14emve1x2a.com,4,304,l,without the slightest hesitation,成语意象,84.8,11.25,1,https://vercel.com/domains/search?q=xn--ihqy14emve1x2a.com,2026-07-23T18:39:10.418Z,Jieba + CC-CEDICT
505,千锤百炼.com,xn--mkru99dl4dx60b.com,4,63,i,after hard work and numerous revisions (idiom); the vicissitudes of life,成语意象,84.8,11.25,1,https://vercel.com/domains/search?q=xn--mkru99dl4dx60b.com,2026-07-23T18:39:10.414Z,Jieba + CC-CEDICT
506,吃苦耐劳.com,xn--igr73av08g7mc.com,4,62,i,hardworking and enduring hardships (idiom),成语意象,84.8,11.25,1,https://vercel.com/domains/search?q=xn--igr73av08g7mc.com,2026-07-23T18:39:10.415Z,Jieba + CC-CEDICT
507,德才兼备.com,xn--m6qt7py0fxzc.com,4,62,i,(idiom) possessing both integrity and talent,成语意象,84.8,11.25,1,https://vercel.com/domains/search?q=xn--m6qt7py0fxzc.com,2026-07-23T18:39:10.415Z,Jieba + CC-CEDICT
508,无拘无束.com,xn--ltu70eba64m.com,4,62,i,free and unconstrained (idiom); unfettered; unbuttoned; without care or worries,成语意象,84.7,11.25,1,https://vercel.com/domains/search?q=xn--ltu70eba64m.com,2026-07-23T18:39:10.415Z,Jieba + CC-CEDICT
509,切实.com,xn--lbrr7u.com,2,1260,ad,feasible; realistic; practical; earnestly; conscientiously,通用品牌,84.7,11.25,1,https://vercel.com/domains/search?q=xn--lbrr7u.com,2026-07-23T18:36:19.167Z,Jieba + CC-CEDICT
510,附加值.com,xn--hxq01dh28h.com,3,117,n,added-value (accountancy),商业价值,84.7,11.25,1,https://vercel.com/domains/search?q=xn--hxq01dh28h.com,2026-07-23T18:42:16.249Z,Jieba + CC-CEDICT
511,神采奕奕.com,xn--0tsa517vgou.com,4,61,i,in glowing spirits (idiom); bursting with life; radiating health and vigor,成语意象,84.6,11.25,1,https://vercel.com/domains/search?q=xn--0tsa517vgou.com,2026-07-23T18:36:19.168Z,Jieba + CC-CEDICT
512,西边.com,xn--bw2aq6j.com,2,1230,s,west; west side; western part; to the west of,通用品牌,84.6,11.25,1,https://vercel.com/domains/search?q=xn--bw2aq6j.com,2026-07-23T18:36:19.167Z,Jieba + CC-CEDICT
513,有所作为.com,xn--siq70au35b8pe.com,4,273,l,(idiom) to achieve sth worthwhile; to make a positive contribution,成语意象,84.6,11.25,1,https://vercel.com/domains/search?q=xn--siq70au35b8pe.com,2026-07-23T18:39:10.414Z,Jieba + CC-CEDICT
514,高枕无忧.com,xn--26tv6kppb047i.com,4,56,i,to sleep peacefully (idiom); (fig.) to rest easy; to be free of worries,成语意象,84.5,11.25,1,https://vercel.com/domains/search?q=xn--26tv6kppb047i.com,2026-07-23T18:39:10.415Z,Jieba + CC-CEDICT
515,劳逸结合.com,xn--igrw4a825g5so.com,4,56,i,to strike a balance between work and rest (idiom),成语意象,84.5,11.25,1,https://vercel.com/domains/search?q=xn--igrw4a825g5so.com,2026-07-23T18:39:10.415Z,Jieba + CC-CEDICT
516,朝气蓬勃.com,xn--ygr968b7sd4n5a.com,4,55,i,full of youthful energy (idiom); vigorous; energetic; a bright spark,成语意象,84.5,11.25,1,https://vercel.com/domains/search?q=xn--ygr968b7sd4n5a.com,2026-07-23T18:39:10.415Z,Jieba + CC-CEDICT
517,有惊无险.com,xn--keu26iozae00l.com,4,55,i,to be more scared than hurt (idiom); to get through a daunting experience without mishap,成语意象,84.5,11.25,1,https://vercel.com/domains/search?q=xn--keu26iozae00l.com,2026-07-23T18:39:10.415Z,Jieba + CC-CEDICT
518,畅所欲言.com,xn--8ou02r9uiusv.com,4,52,i,lit. fluently saying all one wants (idiom); to preach freely on one's favorite topic; to hold forth to one's heart's content,成语意象,84.4,11.25,1,https://vercel.com/domains/search?q=xn--8ou02r9uiusv.com,2026-07-23T18:36:19.168Z,Jieba + CC-CEDICT
519,对答如流.com,xn--bvs30di3zzin.com,4,50,i,able to reply quickly and fluently (idiom); having a ready answer,成语意象,84.4,11.25,1,https://vercel.com/domains/search?q=xn--bvs30di3zzin.com,2026-07-23T18:39:10.415Z,Jieba + CC-CEDICT
520,奇珍异宝.com,xn--mts47cq6dl23a.com,4,50,i,rare treasure (idiom),成语意象,84.4,11.25,1,https://vercel.com/domains/search?q=xn--mts47cq6dl23a.com,2026-07-23T18:36:19.168Z,Jieba + CC-CEDICT
521,深入浅出.com,xn--y5qznu21evta.com,4,50,i,to explain a complicated subject matter in simple terms (idiom); (of language) simple and easy to understand,成语意象,84.3,11.25,1,https://vercel.com/domains/search?q=xn--y5qznu21evta.com,2026-07-23T18:39:10.415Z,Jieba + CC-CEDICT
522,十拿九稳.com,xn--sjqz2jpzq5sw.com,4,50,i,(idiom) to be a cinch; in the bag; (idiom) (of a person) confident of success,成语意象,84.3,11.25,1,https://vercel.com/domains/search?q=xn--sjqz2jpzq5sw.com,2026-07-23T18:39:10.415Z,Jieba + CC-CEDICT
523,众望所归.com,xn--3oqp90bj9bb8g.com,4,50,i,(idiom) to enjoy popular support; to receive general approval,成语意象,84.3,11.25,1,https://vercel.com/domains/search?q=xn--3oqp90bj9bb8g.com,2026-07-23T18:39:10.415Z,Jieba + CC-CEDICT
524,绘声绘色.com,xn--4qsz59fba208a.com,4,49,i,vivid and colorful (idiom); true to life; lively and realistic,内容文化,84.2,11.25,1,https://vercel.com/domains/search?q=xn--4qsz59fba208a.com,2026-07-23T18:39:10.415Z,Jieba + CC-CEDICT
525,井然有序.com,xn--elq620b8lgy1k.com,4,49,i,everything clear and in good order (idiom); neat and tidy,成语意象,84.2,11.25,1,https://vercel.com/domains/search?q=xn--elq620b8lgy1k.com,2026-07-23T18:36:19.168Z,Jieba + CC-CEDICT
526,不偏不倚.com,xn--ihqa98m9f.com,4,47,i,(idiom) even-handed; impartial; unbiased,成语意象,84.2,11.25,1,https://vercel.com/domains/search?q=xn--ihqa98m9f.com,2026-07-23T18:39:10.415Z,Jieba + CC-CEDICT
527,滚瓜烂熟.com,xn--fcxq4b7so4h.com,4,47,i,lit. ripe as a melon that rolls from its vine (idiom); fig. to know fluently; to know sth inside out; to know sth by heart,成语意象,84.2,11.25,1,https://vercel.com/domains/search?q=xn--fcxq4b7so4h.com,2026-07-23T18:39:10.415Z,Jieba + CC-CEDICT
528,投产.com,xn--wlqs99b.com,2,993,vn,to put into production; to put into operation,通用品牌,84.1,11.25,1,https://vercel.com/domains/search?q=xn--wlqs99b.com,2026-07-23T18:36:19.167Z,Jieba + CC-CEDICT
529,废寝忘食.com,xn--jdtz7d40aq33m.com,4,45,i,(idiom) to skip one's sleep and meals; to be completely wrapped up in one's work,成语意象,84.1,11.25,1,https://vercel.com/domains/search?q=xn--jdtz7d40aq33m.com,2026-07-23T18:39:10.415Z,Jieba + CC-CEDICT
530,后起之秀.com,xn--9iq43lg90b0qq.com,4,45,i,(idiom) an up-and-coming youngster; new talent; a brilliant younger generation,成语意象,84.1,11.25,1,https://vercel.com/domains/search?q=xn--9iq43lg90b0qq.com,2026-07-23T18:39:10.415Z,Jieba + CC-CEDICT
531,亲密无间.com,xn--7lqs23axzhw83c.com,4,45,i,(idiom) to have a very close relationship with each other,成语意象,84.0,11.25,1,https://vercel.com/domains/search?q=xn--7lqs23axzhw83c.com,2026-07-23T18:39:10.415Z,Jieba + CC-CEDICT
532,酣畅淋漓.com,xn--o3w60a59kvw6a.com,4,44,i,to one's heart's content (idiom),成语意象,84.0,11.25,1,https://vercel.com/domains/search?q=xn--o3w60a59kvw6a.com,2026-07-23T18:39:10.413Z,Jieba + CC-CEDICT
533,一以贯之.com,xn--4gqygtri70r.com,4,44,i,"(idiom) (of a principle, purpose etc) consistently upheld; adhered to from beginning to end",成语意象,84.0,11.25,1,https://vercel.com/domains/search?q=xn--4gqygtri70r.com,2026-07-23T18:39:10.415Z,Jieba + CC-CEDICT
534,今非昔比.com,xn--wmqr18cg7d1z6c.com,4,43,i,(idiom) things are very different now; times have changed,成语意象,83.9,11.25,1,https://vercel.com/domains/search?q=xn--wmqr18cg7d1z6c.com,2026-07-23T18:39:10.415Z,Jieba + CC-CEDICT
535,始终如一.com,xn--4gq63zigu66k.com,4,43,i,unswerving from start to finish (idiom),成语意象,83.9,11.25,1,https://vercel.com/domains/search?q=xn--4gq63zigu66k.com,2026-07-23T18:39:10.415Z,Jieba + CC-CEDICT
536,重组.com,xn--tn0au30b.com,2,925,vn,to reorganize; to recombine; to restructure,通用品牌,83.9,11.25,1,https://vercel.com/domains/search?q=xn--tn0au30b.com,2026-07-23T18:36:19.167Z,Jieba + CC-CEDICT
537,绝无仅有.com,xn--rmq167crzac11e.com,4,210,l,one and only (idiom); rarely seen; unique of its kind,成语意象,83.9,11.25,1,https://vercel.com/domains/search?q=xn--rmq167crzac11e.com,2026-07-23T18:39:10.415Z,Jieba + CC-CEDICT
538,错落有致.com,xn--8ov221ddtbi33a.com,4,42,i,in picturesque disorder (idiom); irregular arrangement with charming effect,成语意象,83.8,11.25,1,https://vercel.com/domains/search?q=xn--8ov221ddtbi33a.com,2026-07-23T18:39:10.415Z,Jieba + CC-CEDICT
539,大有裨益.com,xn--pssy63ayjmbur.com,4,41,i,bringing great benefits (idiom); very useful; of great service; to help greatly; to serve one well,成语意象,83.8,11.25,1,https://vercel.com/domains/search?q=xn--pssy63ayjmbur.com,2026-07-23T18:39:10.415Z,Jieba + CC-CEDICT
540,举世无双.com,xn--rhqqdz6r5yv.com,4,41,i,unrivaled (idiom); world number one; unique; unequaled,成语意象,83.8,11.25,1,https://vercel.com/domains/search?q=xn--rhqqdz6r5yv.com,2026-07-23T18:39:10.415Z,Jieba + CC-CEDICT
541,三生有幸.com,xn--ehq931b7ngd8o.com,4,40,i,the blessing of three lifetimes (idiom); (courteous language) it's my good fortune...,成语意象,83.7,11.25,1,https://vercel.com/domains/search?q=xn--ehq931b7ngd8o.com,2026-07-23T18:39:10.414Z,Jieba + CC-CEDICT
542,铁面无私.com,xn--rgv955bowt6mc.com,4,39,i,strictly impartial and incorruptible (idiom),成语意象,83.7,11.25,1,https://vercel.com/domains/search?q=xn--rgv955bowt6mc.com,2026-07-23T18:39:10.415Z,Jieba + CC-CEDICT
543,预先.com,xn--44qp05o.com,2,850,vn,beforehand; in advance,通用品牌,83.7,11.25,1,https://vercel.com/domains/search?q=xn--44qp05o.com,2026-07-23T18:36:19.167Z,Jieba + CC-CEDICT
544,短小精悍.com,xn--yet87h46y7me.com,4,38,i,(of a person) short but plucky (idiom); (of an article) concise and forceful,成语意象,83.6,11.25,1,https://vercel.com/domains/search?q=xn--yet87h46y7me.com,2026-07-23T18:39:10.414Z,Jieba + CC-CEDICT
545,一语道破.com,xn--4gqu24h0mmy9d.com,4,38,i,one word says it all (idiom); to hit the nail on the head; to be pithy and correct,成语意象,83.6,11.25,1,https://vercel.com/domains/search?q=xn--4gqu24h0mmy9d.com,2026-07-23T18:39:10.415Z,Jieba + CC-CEDICT
546,重修.com,xn--8uqu91n.com,2,834,vn,to reconstruct; to repair; to revamp; to revise; to retake a failed course,通用品牌,83.6,11.25,1,https://vercel.com/domains/search?q=xn--8uqu91n.com,2026-07-23T18:36:19.167Z,Jieba + CC-CEDICT
547,起跑线.com,xn--on0a941azha.com,3,73,n,the starting line (of a race); scratch line (in a relay race),通用品牌,83.6,11.25,1,https://vercel.com/domains/search?q=xn--on0a941azha.com,2026-07-23T18:42:16.249Z,Jieba + CC-CEDICT
548,横空出世.com,xn--rhqr8gz02aj3o.com,4,36,i,(idiom) to come to the fore in spectacular fashion; to emerge from obscurity to achieve great success,成语意象,83.5,11.25,1,https://vercel.com/domains/search?q=xn--rhqr8gz02aj3o.com,2026-07-23T18:39:10.415Z,Jieba + CC-CEDICT
549,快马加鞭.com,xn--yfr322ast7bkkc.com,4,36,i,to spur the horse to full speed (idiom); to go as fast as possible,成语意象,83.5,11.25,1,https://vercel.com/domains/search?q=xn--yfr322ast7bkkc.com,2026-07-23T18:39:10.415Z,Jieba + CC-CEDICT
550,一扫而空.com,xn--4gqr11c6rr78e.com,4,36,i,(idiom) to make a clean sweep of; to clean out,成语意象,83.5,11.25,1,https://vercel.com/domains/search?q=xn--4gqr11c6rr78e.com,2026-07-23T18:39:10.415Z,Jieba + CC-CEDICT
551,摩擦.com,xn--14uuk.com,2,802,vn,friction; rubbing; chafing; fig. disharmony; conflict; also written 磨擦,通用品牌,83.4,11.25,1,https://vercel.com/domains/search?q=xn--14uuk.com,2026-07-23T18:36:19.167Z,Jieba + CC-CEDICT
552,流连忘返.com,xn--n6t811ay40adba.com,4,181,l,to linger; to remain enjoying oneself and forget to go home,成语意象,83.4,11.25,1,https://vercel.com/domains/search?q=xn--n6t811ay40adba.com,2026-07-23T18:42:16.249Z,Jieba + CC-CEDICT
553,一枝独秀.com,xn--4gq573df5h1zg.com,4,35,i,lit. only one branch of the tree is thriving (idiom); fig. to be in a league of one's own; outstanding,成语意象,83.4,11.25,1,https://vercel.com/domains/search?q=xn--4gq573df5h1zg.com,2026-07-23T18:39:10.415Z,Jieba + CC-CEDICT
554,领导力.com,xn--tfr11tn24c.com,3,69,n,leadership (capacity to lead),商业价值,83.3,11.25,1,https://vercel.com/domains/search?q=xn--tfr11tn24c.com,2026-07-23T18:42:16.249Z,Jieba + CC-CEDICT
555,竞选.com,xn--buzn74b.com,2,778,vn,to take part in an election; to run for office,通用品牌,83.3,11.25,1,https://vercel.com/domains/search?q=xn--buzn74b.com,2026-07-23T18:36:19.167Z,Jieba + CC-CEDICT
556,鬼斧神工.com,xn--estp6ovyr235a.com,4,34,i,supernaturally fine craft (idiom); the work of the Gods; uncanny workmanship; superlative craftsmanship,成语意象,83.3,11.25,1,https://vercel.com/domains/search?q=xn--estp6ovyr235a.com,2026-07-23T18:39:10.415Z,Jieba + CC-CEDICT
557,含情脉脉.com,xn--8qr260a99ya.com,4,34,i,full of tender feelings (idiom); tender-hearted,成语意象,83.3,11.25,1,https://vercel.com/domains/search?q=xn--8qr260a99ya.com,2026-07-23T18:39:10.415Z,Jieba + CC-CEDICT
558,口若悬河.com,xn--6or801a6ljllw.com,4,34,i,mouth like a torrent (idiom); eloquent; glib; voluble; have the gift of the gab,生活审美,83.2,11.25,1,https://vercel.com/domains/search?q=xn--6or801a6ljllw.com,2026-07-23T18:39:10.415Z,Jieba + CC-CEDICT
559,亭亭玉立.com,xn--2lqa224zmcg.com,4,34,i,(idiom) (of a woman) slender and elegant; (idiom) (of a plant) tall and straight,成语意象,83.2,11.25,1,https://vercel.com/domains/search?q=xn--2lqa224zmcg.com,2026-07-23T18:39:10.415Z,Jieba + CC-CEDICT
560,一言九鼎.com,xn--4gqsiu94nbvr.com,4,34,i,one word worth nine sacred tripods (idiom); words of enormous weight,成语意象,83.2,11.25,1,https://vercel.com/domains/search?q=xn--4gqsiu94nbvr.com,2026-07-23T18:39:10.415Z,Jieba + CC-CEDICT
561,重整旗鼓.com,xn--odvoiu91jodl.com,4,34,i,lit. to reorganize flags and drums (idiom); to regroup after a setback; to prepare for new initiatives; to attempt a comeback,成语意象,83.1,11.25,1,https://vercel.com/domains/search?q=xn--odvoiu91jodl.com,2026-07-23T18:39:10.415Z,Jieba + CC-CEDICT
562,刚柔并济.com,xn--4br241asjhjuf.com,4,33,i,to couple strength and gentleness (idiom),成语意象,83.1,11.25,1,https://vercel.com/domains/search?q=xn--4br241asjhjuf.com,2026-07-23T18:39:10.418Z,Jieba + CC-CEDICT
563,有口皆碑.com,xn--6or985b5jl13b.com,4,33,i,every voice gives praise (idiom); with an extensive public reputation,成语意象,83.1,11.25,1,https://vercel.com/domains/search?q=xn--6or985b5jl13b.com,2026-07-23T18:39:10.418Z,Jieba + CC-CEDICT
564,能屈能伸.com,xn--1pq413apv2aba.com,4,32,i,"can bow and submit, or can stand tall (idiom, from Book of Changes); ready to give and take; flexible",成语意象,83.0,11.25,1,https://vercel.com/domains/search?q=xn--1pq413apv2aba.com,2026-07-23T18:39:10.418Z,Jieba + CC-CEDICT
565,精雕细刻.com,xn--2cr494hujb429b.com,4,31,i,(lit.) fine sculpting (idiom); (fig.) to work (at sth) with extreme care and precision,成语意象,83.0,11.25,1,https://vercel.com/domains/search?q=xn--2cr494hujb429b.com,2026-07-23T18:39:10.415Z,Jieba + CC-CEDICT
566,仗义疏财.com,xn--7iq5mh50hzyt.com,4,30,i,to help the needy for justice (idiom); to be loyal to one's friends and generous to the needy,商业价值,83.0,11.25,1,https://vercel.com/domains/search?q=xn--7iq5mh50hzyt.com,2026-07-23T18:42:16.247Z,Jieba + CC-CEDICT
567,知识面.com,xn--k7y073b0oi.com,3,61,n,breadth of knowledge,通用品牌,83.0,11.25,1,https://vercel.com/domains/search?q=xn--k7y073b0oi.com,2026-07-23T18:42:16.249Z,Jieba + CC-CEDICT
568,承受力.com,xn--tfrp2au53a.com,3,58,n,tolerance; capability of adapting oneself,通用品牌,82.9,11.25,1,https://vercel.com/domains/search?q=xn--tfrp2au53a.com,2026-07-23T18:42:16.249Z,Jieba + CC-CEDICT
569,调和.com,xn--0trr40k.com,2,644,vn,harmonious; to mediate; to reconcile; mediation; to compromise; to mix; to blend; blended; to season; seasoning; to placate,通用品牌,82.9,11.25,1,https://vercel.com/domains/search?q=xn--0trr40k.com,2026-07-23T18:36:19.164Z,Jieba + CC-CEDICT
570,真相大白.com,xn--pssq69drka5e.com,4,51,l,the whole truth is revealed (idiom); everything becomes clear,品质价值,82.9,11.25,1,https://vercel.com/domains/search?q=xn--pssq69drka5e.com,2026-07-23T18:42:16.247Z,Jieba + CC-CEDICT
571,绝处逢生.com,xn--prsy76dzvgk3r.com,4,26,i,(idiom) to find a way to survive when everything seems hopeless,成语意象,82.8,11.25,1,https://vercel.com/domains/search?q=xn--prsy76dzvgk3r.com,2026-07-23T18:39:10.415Z,Jieba + CC-CEDICT
572,成就感.com,xn--xftq8ivua.com,3,96,l,sense of achievement,通用品牌,82.8,11.25,1,https://vercel.com/domains/search?q=xn--xftq8ivua.com,2026-07-23T18:42:16.249Z,Jieba + CC-CEDICT
573,不失时机.com,xn--ihq84yhkkbib.com,4,139,l,to seize the opportune moment; to lose no time,成语意象,82.8,11.25,1,https://vercel.com/domains/search?q=xn--ihq84yhkkbib.com,2026-07-23T18:42:16.249Z,Jieba + CC-CEDICT
574,时时刻刻.com,xn--2cra562ma.com,4,138,l,at all times,成语意象,82.8,11.25,1,https://vercel.com/domains/search?q=xn--2cra562ma.com,2026-07-23T18:42:16.249Z,Jieba + CC-CEDICT
575,泰然处之.com,xn--9iq34xe6pb6d.com,4,25,i,to handle the situation calmly (idiom); unruffled; to treat the situation lightly,成语意象,82.7,11.25,1,https://vercel.com/domains/search?q=xn--9iq34xe6pb6d.com,2026-07-23T18:39:10.415Z,Jieba + CC-CEDICT
576,怡然自得.com,xn--s4twlj15byxp.com,4,25,i,happy and content (idiom),成语意象,82.7,11.25,1,https://vercel.com/domains/search?q=xn--s4twlj15byxp.com,2026-07-23T18:36:19.168Z,Jieba + CC-CEDICT
577,如日中天.com,xn--fiqr1yuhl15b.com,4,48,l,"lit. like the sun at noon (idiom); fig. to be at the peak of one's power, career etc",生活审美,82.7,11.25,1,https://vercel.com/domains/search?q=xn--fiqr1yuhl15b.com,2026-07-23T18:42:16.249Z,Jieba + CC-CEDICT
578,后生可畏.com,xn--jprrc494ksfa.com,4,24,i,the young will be redoubtable in the years to come (idiom); the younger generations will surpass us in time,成语意象,82.6,11.25,1,https://vercel.com/domains/search?q=xn--jprrc494ksfa.com,2026-07-23T18:39:10.415Z,Jieba + CC-CEDICT
579,学以致用.com,xn--onqr81ai7tnwl.com,4,47,l,(idiom) to study sth in order to apply it,成语意象,82.6,11.25,1,https://vercel.com/domains/search?q=xn--onqr81ai7tnwl.com,2026-07-23T18:42:16.249Z,Jieba + CC-CEDICT
580,悄无声息.com,xn--4qs67o0b871a.com,4,126,l,quietly; noiselessly,内容文化,82.6,11.25,1,https://vercel.com/domains/search?q=xn--4qs67o0b871a.com,2026-07-23T18:42:16.249Z,Jieba + CC-CEDICT
581,雅俗共赏.com,xn--luqw2bx01jz5h.com,4,42,l,can be enjoyed by scholars and lay-people alike (idiom),成语意象,82.5,11.25,1,https://vercel.com/domains/search?q=xn--luqw2bx01jz5h.com,2026-07-23T18:42:16.247Z,Jieba + CC-CEDICT
582,与时俱进.com,xn--jhqv9bf12b0j2b.com,4,120,l,abreast of modern developments; to keep up with the times; progressive; timely,成语意象,82.5,11.25,1,https://vercel.com/domains/search?q=xn--jhqv9bf12b0j2b.com,2026-07-23T18:42:16.249Z,Jieba + CC-CEDICT
583,美不胜收.com,xn--ihq977c9tshgb.com,4,40,l,nothing more beautiful can be imagined (idiom),生活审美,82.5,11.25,1,https://vercel.com/domains/search?q=xn--ihq977c9tshgb.com,2026-07-23T18:39:10.414Z,Jieba + CC-CEDICT
584,有声有色.com,xn--4qsx14aba281z.com,4,114,l,having sound and color (idiom); vivid; dazzling,内容文化,82.5,11.25,1,https://vercel.com/domains/search?q=xn--4qsx14aba281z.com,2026-07-23T18:42:16.247Z,Jieba + CC-CEDICT
585,数据流.com,xn--vxup8bt1m.com,3,41,n,data stream; data flow,科技产品,82.4,11.25,1,https://vercel.com/domains/search?q=xn--vxup8bt1m.com,2026-07-23T18:42:16.249Z,Jieba + CC-CEDICT
586,有识之士.com,xn--9iqw2xzml4y9a.com,4,109,l,a person with knowledge and experience (idiom),成语意象,82.4,11.25,1,https://vercel.com/domains/search?q=xn--9iqw2xzml4y9a.com,2026-07-23T18:42:16.247Z,Jieba + CC-CEDICT
587,知人善任.com,xn--gmqzfs4r143b.com,4,35,l,(idiom) expert at appointing people according to their abilities; to put the right people in the right places,品质价值,82.4,11.25,1,https://vercel.com/domains/search?q=xn--gmqzfs4r143b.com,2026-07-23T18:39:10.418Z,Jieba + CC-CEDICT
588,不同凡响.com,xn--ihq26gt3bdwa.com,4,79,l,lit. not a common chord (idiom); outstanding; brilliant; out of the common run,成语意象,82.3,11.25,1,https://vercel.com/domains/search?q=xn--ihq26gt3bdwa.com,2026-07-23T18:42:16.247Z,Jieba + CC-CEDICT
589,可信度.com,xn--vuqr2hf0l.com,3,53,l,degree of credibility; reliability,科技产品,82.3,11.25,1,https://vercel.com/domains/search?q=xn--vuqr2hf0l.com,2026-07-23T18:42:16.249Z,Jieba + CC-CEDICT
590,风景线.com,xn--ukv245c0ns.com,3,319,n,"a strip of scenic beauty (coast, river, road etc); (fig.) an eye-catching feature",生活审美,82.3,11.25,1,https://vercel.com/domains/search?q=xn--ukv245c0ns.com,2026-07-23T18:36:19.168Z,Jieba + CC-CEDICT
591,且慢.com,xn--phq938b.com,2,332,l,to wait a moment; do not go too soon,通用品牌,82.2,11.25,1,https://vercel.com/domains/search?q=xn--phq938b.com,2026-07-23T18:36:19.167Z,Jieba + CC-CEDICT
592,增加值.com,xn--hxq01dq7h.com,3,1861,n,value added (accountancy),通用品牌,82.2,11.25,1,https://vercel.com/domains/search?q=xn--hxq01dq7h.com,2026-07-23T18:28:33.160Z,Jieba + CC-CEDICT
593,别开生面.com,xn--mcrs62aojrok5a.com,4,67,l,to start sth new or original (idiom); to break a new path; to break fresh ground,成语意象,82.2,11.25,1,https://vercel.com/domains/search?q=xn--mcrs62aojrok5a.com,2026-07-23T18:39:10.418Z,Jieba + CC-CEDICT
594,建筑群.com,xn--b0tu44d54c.com,3,1756,n,building complex; cluster of buildings,通用品牌,82.2,11.25,1,https://vercel.com/domains/search?q=xn--b0tu44d54c.com,2026-07-23T18:36:19.168Z,Jieba + CC-CEDICT
595,无价之宝.com,xn--9iq2pm72afkk.com,4,57,l,(idiom) priceless treasure,成语意象,82.1,11.25,1,https://vercel.com/domains/search?q=xn--9iq2pm72afkk.com,2026-07-23T18:42:16.249Z,Jieba + CC-CEDICT
596,知遇之恩.com,xn--9iqp55bj9qnjw.com,4,57,l,lit. the kindness of recognizing sb's worth and employing him (idiom); patronage; protection,成语意象,82.1,11.25,1,https://vercel.com/domains/search?q=xn--9iqp55bj9qnjw.com,2026-07-23T18:42:16.247Z,Jieba + CC-CEDICT
597,一脉相承.com,xn--4gqp31ch3orpj.com,4,56,l,"traceable to the same stock (idiom); of a common origin (of trends, ideas etc)",成语意象,82.1,11.25,1,https://vercel.com/domains/search?q=xn--4gqp31ch3orpj.com,2026-07-23T18:42:16.249Z,Jieba + CC-CEDICT
598,海岸线.com,xn--sjtp30bi5m.com,3,600,n,coastline; seaboard; shoreline,生活审美,82.0,11.25,1,https://vercel.com/domains/search?q=xn--sjtp30bi5m.com,2026-07-23T18:39:10.415Z,Jieba + CC-CEDICT
599,高歌猛进.com,xn--flwo0o44zoyj.com,4,53,l,to advance singing loudly (idiom); triumphant progress,成语意象,82.0,11.25,1,https://vercel.com/domains/search?q=xn--flwo0o44zoyj.com,2026-07-23T18:42:16.247Z,Jieba + CC-CEDICT
600,农作物.com,xn--2qqr8c147c.com,3,1465,n,(farm) crops,通用品牌,82.0,11.25,1,https://vercel.com/domains/search?q=xn--2qqr8c147c.com,2026-07-23T18:39:10.413Z,Jieba + CC-CEDICT
601,有生之年.com,xn--9iqv70bjoge8o.com,4,52,l,(idiom) during one's lifetime; while one is on this earth; in one's remaining years,成语意象,81.9,11.25,1,https://vercel.com/domains/search?q=xn--9iqv70bjoge8o.com,2026-07-23T18:42:16.247Z,Jieba + CC-CEDICT
602,精神文明.com,xn--7dvrlk80czfd.com,4,1118,i,spiritual culture,内容文化,81.9,11.25,1,https://vercel.com/domains/search?q=xn--7dvrlk80czfd.com,2026-07-23T18:21:29.174Z,Jieba + CC-CEDICT
603,建筑业.com,xn--vhq342b4mv.com,3,1156,n,building industry,通用品牌,81.9,11.25,1,https://vercel.com/domains/search?q=xn--vhq342b4mv.com,2026-07-23T18:39:10.415Z,Jieba + CC-CEDICT
604,建筑物.com,xn--b0to64bopg.com,3,1147,n,building; structure; edifice,通用品牌,81.9,11.25,1,https://vercel.com/domains/search?q=xn--b0to64bopg.com,2026-07-23T18:39:10.415Z,Jieba + CC-CEDICT
605,软着陆.com,xn--u2yv92ce0e.com,3,76,l,(aviation) soft landing; (economics) soft landing,通用品牌,81.8,11.25,1,https://vercel.com/domains/search?q=xn--u2yv92ce0e.com,2026-07-23T18:42:16.249Z,Jieba + CC-CEDICT
606,当事人.com,xn--3kq5d076c.com,3,1135,n,persons involved or implicated; party (to an affair),通用品牌,81.8,11.25,1,https://vercel.com/domains/search?q=xn--3kq5d076c.com,2026-07-23T18:39:10.415Z,Jieba + CC-CEDICT
607,火车站.com,xn--vnxm6t6sq.com,3,1117,n,train station,通用品牌,81.8,11.25,1,https://vercel.com/domains/search?q=xn--vnxm6t6sq.com,2026-07-23T18:39:10.415Z,Jieba + CC-CEDICT
608,代表作.com,xn--mnq6kv42m.com,3,1106,n,representative work (of an author or artist),通用品牌,81.7,11.25,1,https://vercel.com/domains/search?q=xn--mnq6kv42m.com,2026-07-23T18:39:10.415Z,Jieba + CC-CEDICT
609,副作用.com,xn--2qqt8e7z0c.com,3,425,n,side effect,通用品牌,81.7,11.25,1,https://vercel.com/domains/search?q=xn--2qqt8e7z0c.com,2026-07-23T18:42:16.247Z,Jieba + CC-CEDICT
610,文化史.com,xn--cjrwt353b.com,3,394,n,cultural history,内容文化,81.7,11.25,1,https://vercel.com/domains/search?q=xn--cjrwt353b.com,2026-07-23T18:42:16.249Z,Jieba + CC-CEDICT
611,科学院.com,xn--48st12e4st.com,3,986,n,academy of sciences; CL:個|个[ge4],通用品牌,81.6,11.25,1,https://vercel.com/domains/search?q=xn--48st12e4st.com,2026-07-23T18:39:10.415Z,Jieba + CC-CEDICT
612,新闻界.com,xn--efv806afvy.com,3,375,n,the press; the media,通用品牌,81.6,11.25,1,https://vercel.com/domains/search?q=xn--efv806afvy.com,2026-07-23T18:39:10.415Z,Jieba + CC-CEDICT
613,金黄色.com,xn--qf1at82afxj.com,3,344,n,gold color,生活审美,81.6,11.25,1,https://vercel.com/domains/search?q=xn--qf1at82afxj.com,2026-07-23T18:39:10.418Z,Jieba + CC-CEDICT
614,文学史.com,xn--mpr56oi4i.com,3,337,n,history of literature,内容文化,81.6,11.25,1,https://vercel.com/domains/search?q=xn--mpr56oi4i.com,2026-07-23T18:42:16.249Z,Jieba + CC-CEDICT
615,制成品.com,xn--xcrv5d9zt.com,3,114,n,manufactured goods; finished product,通用品牌,81.5,11.25,1,https://vercel.com/domains/search?q=xn--xcrv5d9zt.com,2026-07-23T18:42:16.249Z,Jieba + CC-CEDICT
616,轻工业.com,xn--vhqv89abp1b.com,3,717,n,light industry,通用品牌,81.5,11.25,1,https://vercel.com/domains/search?q=xn--vhqv89abp1b.com,2026-07-23T18:39:10.415Z,Jieba + CC-CEDICT
617,艺术节.com,xn--cqv902dza.com,3,273,n,arts festival,内容文化,81.5,11.25,1,https://vercel.com/domains/search?q=xn--cqv902dza.com,2026-07-23T18:42:16.249Z,Jieba + CC-CEDICT
618,美术史.com,xn--mprp16b0yr.com,3,217,n,history of art,内容文化,81.4,11.25,1,https://vercel.com/domains/search?q=xn--mprp16b0yr.com,2026-07-23T18:42:16.247Z,Jieba + CC-CEDICT
619,自尊心.com,xn--teto0gm34b.com,3,208,i,self-respect; self-esteem; ego,品质价值,81.4,11.25,1,https://vercel.com/domains/search?q=xn--teto0gm34b.com,2026-07-23T18:36:19.168Z,Jieba + CC-CEDICT
620,心里话.com,xn--15tr59ggzd.com,3,206,n,(to express one's) true feelings; what is on one's mind; secret mind,品质价值,81.4,11.25,1,https://vercel.com/domains/search?q=xn--15tr59ggzd.com,2026-07-23T18:42:16.249Z,Jieba + CC-CEDICT
621,生产线.com,xn--wlqs15ging.com,3,521,n,assembly line; production line,通用品牌,81.3,11.25,1,https://vercel.com/domains/search?q=xn--wlqs15ging.com,2026-07-23T18:39:10.415Z,Jieba + CC-CEDICT
622,可见光.com,xn--54q67d8z1f.com,3,200,v,visible light; light in optical spectrum,生活审美,81.3,11.25,1,https://vercel.com/domains/search?q=xn--54q67d8z1f.com,2026-07-23T18:42:16.249Z,Jieba + CC-CEDICT
623,价值观.com,xn--6nqu4ai67j.com,3,515,n,value system; personal or cultural values,通用品牌,81.3,11.25,1,https://vercel.com/domains/search?q=xn--6nqu4ai67j.com,2026-07-23T18:42:16.247Z,Jieba + CC-CEDICT
624,海平面.com,xn--gwt274a3u5a.com,3,196,n,sea level,生活审美,81.3,11.25,1,https://vercel.com/domains/search?q=xn--gwt274a3u5a.com,2026-07-23T18:42:16.249Z,Jieba + CC-CEDICT
625,主人公.com,xn--tiqxl42e.com,3,478,n,hero (of a novel or film); main protagonist,通用品牌,81.2,11.25,1,https://vercel.com/domains/search?q=xn--tiqxl42e.com,2026-07-23T18:39:10.415Z,Jieba + CC-CEDICT
626,一时间.com,xn--4gqz79cd47a.com,3,469,t,for a moment; momentarily,通用品牌,81.2,11.25,1,https://vercel.com/domains/search?q=xn--4gqz79cd47a.com,2026-07-23T18:42:16.249Z,Jieba + CC-CEDICT
627,交易日.com,xn--tlqu08c6d.com,3,466,n,(finance) trading day,商业价值,81.2,11.25,1,https://vercel.com/domains/search?q=xn--tlqu08c6d.com,2026-07-23T18:39:10.413Z,Jieba + CC-CEDICT
628,金融业.com,xn--vhq831lipg.com,3,172,n,financial sector; the banking business,通用品牌,81.1,11.25,1,https://vercel.com/domains/search?q=xn--vhq831lipg.com,2026-07-23T18:42:16.247Z,Jieba + CC-CEDICT
629,抒情诗.com,xn--feuy3bv37e.com,3,158,n,lyric poetry,内容文化,81.1,11.25,1,https://vercel.com/domains/search?q=xn--feuy3bv37e.com,2026-07-23T18:42:16.249Z,Jieba + CC-CEDICT
630,畜产品.com,xn--wlqq2mo75a.com,3,157,n,domesticated animal products,通用品牌,81.1,11.25,1,https://vercel.com/domains/search?q=xn--wlqq2mo75a.com,2026-07-23T18:42:16.249Z,Jieba + CC-CEDICT
631,发祥地.com,xn--oor61fut7b.com,3,400,n,the birthplace (of sth good); the cradle (e.g. of art),通用品牌,81.0,11.25,1,https://vercel.com/domains/search?q=xn--oor61fut7b.com,2026-07-23T18:39:10.415Z,Jieba + CC-CEDICT
632,出发点.com,xn--79qs8bk84c.com,3,398,n,starting point; (fig.) basis; motive,通用品牌,81.0,11.25,1,https://vercel.com/domains/search?q=xn--79qs8bk84c.com,2026-07-23T18:42:16.247Z,Jieba + CC-CEDICT
633,继承人.com,xn--gmqu59bkxu.com,3,397,n,heir; successor,通用品牌,81.0,11.25,1,https://vercel.com/domains/search?q=xn--gmqu59bkxu.com,2026-07-23T18:42:16.247Z,Jieba + CC-CEDICT
634,绿化带.com,xn--cjr60xzs0a.com,3,151,n,landscaped green strip; planted green belt,通用品牌,81.0,11.25,1,https://vercel.com/domains/search?q=xn--cjr60xzs0a.com,2026-07-23T18:42:16.249Z,Jieba + CC-CEDICT
635,商品粮.com,xn--jvrxlz22h.com,3,147,n,commodity grain (grain produced as a commodity rather than for self-sufficiency),通用品牌,80.9,11.25,1,https://vercel.com/domains/search?q=xn--jvrxlz22h.com,2026-07-23T18:42:16.249Z,Jieba + CC-CEDICT
636,开发商.com,xn--ooru7an7s.com,3,376,n,"developer (of real estate, a commercial product etc)",通用品牌,80.9,11.25,1,https://vercel.com/domains/search?q=xn--ooru7an7s.com,2026-07-23T18:42:16.249Z,Jieba + CC-CEDICT
637,进行曲.com,xn--lov655e3ff.com,3,375,n,march (musical),通用品牌,80.9,11.25,1,https://vercel.com/domains/search?q=xn--lov655e3ff.com,2026-07-23T18:39:10.415Z,Jieba + CC-CEDICT
638,录音机.com,xn--w2tr9odn8b.com,3,143,n,(tape) recording machine; tape recorder; CL:臺|台[tai2],内容文化,80.8,11.25,1,https://vercel.com/domains/search?q=xn--w2tr9odn8b.com,2026-07-23T18:42:16.249Z,Jieba + CC-CEDICT
639,工作组.com,xn--2qq276alzy.com,3,373,n,work team; working group; task force,通用品牌,80.8,11.25,1,https://vercel.com/domains/search?q=xn--2qq276alzy.com,2026-07-23T18:42:16.249Z,Jieba + CC-CEDICT
640,书呆子.com,xn--1jq06lqwg.com,3,142,n,bookworm; pedant; bookish fool,内容文化,80.8,11.25,1,https://vercel.com/domains/search?q=xn--1jq06lqwg.com,2026-07-23T18:42:16.249Z,Jieba + CC-CEDICT
641,剧作家.com,xn--2qqy7ek2l.com,3,365,n,playwright,内容文化,80.7,11.25,1,https://vercel.com/domains/search?q=xn--2qqy7ek2l.com,2026-07-23T18:42:16.249Z,Jieba + CC-CEDICT
642,辩证法.com,xn--nwwp37dyvc.com,3,364,n,dialectics; dialectic or Socratic method of debate,通用品牌,80.7,11.25,1,https://vercel.com/domains/search?q=xn--nwwp37dyvc.com,2026-07-23T18:42:16.249Z,Jieba + CC-CEDICT
643,青铜器.com,xn--m7r566l8sb.com,3,361,n,"bronze implement; refers to ancient bronze artifacts, from c. 2,000 BC",通用品牌,80.7,11.25,1,https://vercel.com/domains/search?q=xn--m7r566l8sb.com,2026-07-23T18:39:10.415Z,Jieba + CC-CEDICT
644,枯水期.com,xn--vpv8lv9i.com,3,355,t,dry season; low-water period,通用品牌,80.7,11.25,1,https://vercel.com/domains/search?q=xn--vpv8lv9i.com,2026-07-23T18:42:16.249Z,Jieba + CC-CEDICT
645,手电筒.com,xn--kpuy43bfoe.com,3,348,n,flashlight; electric hand torch,通用品牌,80.6,11.25,1,https://vercel.com/domains/search?q=xn--kpuy43bfoe.com,2026-07-23T18:42:16.249Z,Jieba + CC-CEDICT
646,一连串.com,xn--4gqqet60t.com,3,347,n,a succession of; a series of,通用品牌,80.6,11.25,1,https://vercel.com/domains/search?q=xn--4gqqet60t.com,2026-07-23T18:42:16.249Z,Jieba + CC-CEDICT
647,叙事诗.com,xn--3kq12kx51d.com,3,130,n,narrative poem,内容文化,80.6,11.25,1,https://vercel.com/domains/search?q=xn--3kq12kx51d.com,2026-07-23T18:42:16.249Z,Jieba + CC-CEDICT
648,录音带.com,xn--8tt4zv13k.com,3,124,n,"audio tape; CL:盤|盘[pan2],盒[he2]",内容文化,80.5,11.25,1,https://vercel.com/domains/search?q=xn--8tt4zv13k.com,2026-07-23T18:42:16.249Z,Jieba + CC-CEDICT
649,航海家.com,xn--fctz62bg8o.com,3,123,n,mariner; seafarer,生活审美,80.5,11.25,1,https://vercel.com/domains/search?q=xn--fctz62bg8o.com,2026-07-23T18:42:16.249Z,Jieba + CC-CEDICT
650,委托人.com,xn--gmq83y4yg.com,3,324,n,(law) client; trustor,通用品牌,80.5,11.25,1,https://vercel.com/domains/search?q=xn--gmq83y4yg.com,2026-07-23T18:42:16.249Z,Jieba + CC-CEDICT
651,市场经济.com,xn--mesr1nynod6q.com,4,1846,n,market economy,成语意象,80.4,11.25,1,https://vercel.com/domains/search?q=xn--mesr1nynod6q.com,2026-07-23T18:39:10.414Z,Jieba + CC-CEDICT
652,蒸汽机.com,xn--nqvz0jx1y.com,3,320,n,steam engine,通用品牌,80.4,11.25,1,https://vercel.com/domains/search?q=xn--nqvz0jx1y.com,2026-07-23T18:42:16.249Z,Jieba + CC-CEDICT
653,散文诗.com,xn--6cv0cy41l.com,3,42,n,prose poem,内容文化,80.4,11.25,1,https://vercel.com/domains/search?q=xn--6cv0cy41l.com,2026-07-23T18:42:16.249Z,Jieba + CC-CEDICT
654,音乐节.com,xn--fjq758jppn.com,3,42,n,music festival,内容文化,80.4,11.25,1,https://vercel.com/domains/search?q=xn--fjq758jppn.com,2026-07-23T18:42:16.249Z,Jieba + CC-CEDICT
655,教练机.com,xn--wcvt5boy5b.com,3,316,n,trainer (aircraft),通用品牌,80.3,11.25,1,https://vercel.com/domains/search?q=xn--wcvt5boy5b.com,2026-07-23T18:42:16.249Z,Jieba + CC-CEDICT
656,光合作用.com,xn--2qqt0cjydg76c.com,4,278,n,photosynthesis,生活审美,80.3,11.25,1,https://vercel.com/domains/search?q=xn--2qqt0cjydg76c.com,2026-07-23T18:42:16.249Z,Jieba + CC-CEDICT
657,人工湖.com,xn--gmqr38a1mm.com,3,309,n,artificial lake,通用品牌,80.3,11.25,1,https://vercel.com/domains/search?q=xn--gmqr38a1mm.com,2026-07-23T18:42:16.249Z,Jieba + CC-CEDICT
658,决议案.com,xn--67q736cz6y.com,3,307,n,resolution (of a meeting),通用品牌,80.2,11.25,1,https://vercel.com/domains/search?q=xn--67q736cz6y.com,2026-07-23T18:42:16.249Z,Jieba + CC-CEDICT
659,照明弹.com,xn--31ty5m8sk.com,3,112,n,flare; star shell,通用品牌,80.2,11.25,1,https://vercel.com/domains/search?q=xn--31ty5m8sk.com,2026-07-23T18:42:16.249Z,Jieba + CC-CEDICT
660,活生生.com,xn--kzw61oa.com,3,287,n,real (people); living (artist); while still alive (e.g. skinned alive),通用品牌,80.2,11.25,1,https://vercel.com/domains/search?q=xn--kzw61oa.com,2026-07-23T18:36:19.168Z,Jieba + CC-CEDICT
661,复印件.com,xn--5nqx2ifxf.com,3,286,n,photocopy; duplicate,通用品牌,80.1,11.25,1,https://vercel.com/domains/search?q=xn--5nqx2ifxf.com,2026-07-23T18:42:16.249Z,Jieba + CC-CEDICT
662,水产业.com,xn--vhq3mo07e.com,3,284,n,aquaculture,通用品牌,80.1,11.25,1,https://vercel.com/domains/search?q=xn--vhq3mo07e.com,2026-07-23T18:42:16.249Z,Jieba + CC-CEDICT
663,针叶林.com,xn--qprs07bd06a.com,3,274,n,needle-leaved forest,生活审美,80.1,11.25,1,https://vercel.com/domains/search?q=xn--qprs07bd06a.com,2026-07-23T18:42:16.249Z,Jieba + CC-CEDICT
664,心上人.com,xn--fhqqq453b.com,3,103,n,sweetheart; one's beloved,品质价值,80.1,11.25,1,https://vercel.com/domains/search?q=xn--fhqqq453b.com,2026-07-23T18:42:16.249Z,Jieba + CC-CEDICT
665,焕然一新.com,xn--4gq609c86h1d.com,4,622,i,to look completely new (idiom); brand new; changed beyond recognition,成语意象,80.0,11.25,1,https://vercel.com/domains/search?q=xn--4gq609c86h1d.com,2026-07-23T18:21:29.174Z,Jieba + CC-CEDICT
666,共同体.com,xn--tqq74cg5c.com,3,269,n,community,通用品牌,80.0,11.25,1,https://vercel.com/domains/search?q=xn--tqq74cg5c.com,2026-07-23T18:42:16.249Z,Jieba + CC-CEDICT
667,拦河坝.com,xn--mfs51yc0h.com,3,269,n,a dam across a river,生活审美,80.0,11.25,1,https://vercel.com/domains/search?q=xn--mfs51yc0h.com,2026-07-23T18:42:16.249Z,Jieba + CC-CEDICT
668,活火山.com,xn--rhtp40b7lc.com,3,101,n,active volcano,生活审美,79.9,11.25,1,https://vercel.com/domains/search?q=xn--rhtp40b7lc.com,2026-07-23T18:42:16.249Z,Jieba + CC-CEDICT
669,清一色.com,xn--4gq839ei6n.com,3,99,i,(mahjong) flush; a complete hand where all tiles are of the same suit; (fig.) uniformly; each and every one,生活审美,79.9,11.25,1,https://vercel.com/domains/search?q=xn--4gq839ei6n.com,2026-07-23T18:39:10.415Z,Jieba + CC-CEDICT
670,大本营.com,xn--pss293a0tw.com,3,261,n,headquarters; base camp,通用品牌,79.9,11.25,1,https://vercel.com/domains/search?q=xn--pss293a0tw.com,2026-07-23T18:42:16.249Z,Jieba + CC-CEDICT
671,摄像机.com,xn--o1q278b98b.com,3,249,n,video camera; CL:部[bu4],内容文化,79.8,11.25,1,https://vercel.com/domains/search?q=xn--o1q278b98b.com,2026-07-23T18:42:16.249Z,Jieba + CC-CEDICT
672,大气层.com,xn--pss25eeyt.com,3,248,n,(meteorology) the atmosphere; atmospheric layer,通用品牌,79.8,11.25,1,https://vercel.com/domains/search?q=xn--pss25eeyt.com,2026-07-23T18:42:16.249Z,Jieba + CC-CEDICT
673,偏振光.com,xn--0xqrxr34b.com,3,91,n,polarization of light; polarized light,生活审美,79.8,11.25,1,https://vercel.com/domains/search?q=xn--0xqrxr34b.com,2026-07-23T18:42:16.249Z,Jieba + CC-CEDICT
674,破天荒.com,xn--rss553e8th.com,3,91,i,unprecedented; for the first time; never before; first ever,生活审美,79.8,11.25,1,https://vercel.com/domains/search?q=xn--rss553e8th.com,2026-07-23T18:42:16.247Z,Jieba + CC-CEDICT
675,自主权.com,xn--tiq132d10s.com,3,243,n,the power to act independently; autonomy; the right of self-determination,通用品牌,79.7,11.25,1,https://vercel.com/domains/search?q=xn--tiq132d10s.com,2026-07-23T18:42:16.249Z,Jieba + CC-CEDICT
676,混交林.com,xn--tlq112d3pe.com,3,240,n,mixed forest,生活审美,79.7,11.25,1,https://vercel.com/domains/search?q=xn--tlq112d3pe.com,2026-07-23T18:42:16.249Z,Jieba + CC-CEDICT
677,印欧语.com,xn--wlru56cfgx.com,3,240,n,Indo-European (language),通用品牌,79.7,11.25,1,https://vercel.com/domains/search?q=xn--wlru56cfgx.com,2026-07-23T18:42:16.249Z,Jieba + CC-CEDICT
678,方法论.com,xn--nfv31n631a.com,3,236,n,methodology,通用品牌,79.6,11.25,1,https://vercel.com/domains/search?q=xn--nfv31n631a.com,2026-07-23T18:42:16.249Z,Jieba + CC-CEDICT
679,总编辑.com,xn--h9tu00ewjl.com,3,232,n,chief editor (of newspaper),通用品牌,79.6,11.25,1,https://vercel.com/domains/search?q=xn--h9tu00ewjl.com,2026-07-23T18:42:16.249Z,Jieba + CC-CEDICT
680,全身心.com,xn--15qv36aiv0b.com,3,86,n,wholeheartedly; (to devote oneself) heart and soul,品质价值,79.6,11.25,1,https://vercel.com/domains/search?q=xn--15qv36aiv0b.com,2026-07-23T18:42:16.249Z,Jieba + CC-CEDICT
681,顺风耳.com,xn--by0a301chha.com,3,28,i,sb with preternaturally good hearing (in fiction); fig. a well-informed person,生活审美,79.5,11.25,1,https://vercel.com/domains/search?q=xn--by0a301chha.com,2026-07-23T18:42:16.247Z,Jieba + CC-CEDICT
682,抵抗力.com,xn--tfrv58atc.com,3,223,n,resistance; immunity,通用品牌,79.5,11.25,1,https://vercel.com/domains/search?q=xn--tfrv58atc.com,2026-07-23T18:42:16.247Z,Jieba + CC-CEDICT
683,有心人.com,xn--gmq182buof.com,3,82,n,resolute person; person with aspirations; people who feel; people who use their heads,品质价值,79.5,11.25,1,https://vercel.com/domains/search?q=xn--gmq182buof.com,2026-07-23T18:42:16.249Z,Jieba + CC-CEDICT
684,小心翼翼.com,xn--yet09fcx2ba.com,4,503,i,(idiom) cautious; careful; prudent,品质价值,79.5,11.25,1,https://vercel.com/domains/search?q=xn--yet09fcx2ba.com,2026-07-23T18:21:29.174Z,Jieba + CC-CEDICT
685,开场白.com,xn--mest4pp9u.com,3,218,v,"prologue of play; opening remarks; preamble (of speeches, articles etc)",通用品牌,79.4,11.25,1,https://vercel.com/domains/search?q=xn--mest4pp9u.com,2026-07-23T18:42:16.249Z,Jieba + CC-CEDICT
686,故事片.com,xn--3kqw76cqgj.com,3,215,n,fictional film; feature film,通用品牌,79.4,11.25,1,https://vercel.com/domains/search?q=xn--3kqw76cqgj.com,2026-07-23T18:42:16.249Z,Jieba + CC-CEDICT
687,一刹那.com,xn--4gqu6htu5e.com,3,212,t,a moment; an instant; in a flash,通用品牌,79.4,11.25,1,https://vercel.com/domains/search?q=xn--4gqu6htu5e.com,2026-07-23T18:42:16.249Z,Jieba + CC-CEDICT
688,甜味剂.com,xn--9cr36cw17c.com,3,209,n,sweetener (food additive),通用品牌,79.3,11.25,1,https://vercel.com/domains/search?q=xn--9cr36cw17c.com,2026-07-23T18:42:16.249Z,Jieba + CC-CEDICT
689,电影界.com,xn--p3t879b9b.com,3,77,n,moviedom; the world of movies; film circles,内容文化,79.3,11.25,1,https://vercel.com/domains/search?q=xn--p3t879b9b.com,2026-07-23T18:42:16.249Z,Jieba + CC-CEDICT
690,选择题.com,xn--2tu871h3mf.com,3,207,n,multiple-choice question,通用品牌,79.3,11.25,1,https://vercel.com/domains/search?q=xn--2tu871h3mf.com,2026-07-23T18:42:16.249Z,Jieba + CC-CEDICT
691,工具书.com,xn--1jqp8ez6p.com,3,75,n,"reference book (such as dictionary, almanac, gazetteer etc)",内容文化,79.2,11.25,1,https://vercel.com/domains/search?q=xn--1jqp8ez6p.com,2026-07-23T18:42:16.249Z,Jieba + CC-CEDICT
692,顺理成章.com,xn--vnus31bn4e876a.com,4,180,i,logical; only to be expected; rational and clearly structured (of text),成语意象,79.2,11.25,1,https://vercel.com/domains/search?q=xn--vnus31bn4e876a.com,2026-07-23T18:36:19.167Z,Jieba + CC-CEDICT
693,训练场.com,xn--mesx33gmti.com,3,202,n,training ground,通用品牌,79.2,11.25,1,https://vercel.com/domains/search?q=xn--mesx33gmti.com,2026-07-23T18:42:16.249Z,Jieba + CC-CEDICT
694,开幕词.com,xn--lvtto332i.com,3,201,n,opening speech (at a conference),内容文化,79.2,11.25,1,https://vercel.com/domains/search?q=xn--lvtto332i.com,2026-07-23T18:42:16.249Z,Jieba + CC-CEDICT
695,摇滚乐.com,xn--fjq584cbph.com,3,70,i,rock music; rock 'n roll,内容文化,79.1,11.25,1,https://vercel.com/domains/search?q=xn--fjq584cbph.com,2026-07-23T18:39:10.415Z,Jieba + CC-CEDICT
696,教职工.com,xn--estu9nmpy.com,3,189,n,teaching and administrative staff,通用品牌,79.1,11.25,1,https://vercel.com/domains/search?q=xn--estu9nmpy.com,2026-07-23T18:42:16.249Z,Jieba + CC-CEDICT
697,主裁判.com,xn--tiq28gm29d.com,3,189,n,(sports) referee; umpire,通用品牌,79.1,11.25,1,https://vercel.com/domains/search?q=xn--tiq28gm29d.com,2026-07-23T18:42:16.249Z,Jieba + CC-CEDICT
698,平常心.com,xn--rutze83b.com,3,69,n,levelheadedness; calmness; equanimity,品质价值,79.0,11.25,1,https://vercel.com/domains/search?q=xn--rutze83b.com,2026-07-23T18:42:16.249Z,Jieba + CC-CEDICT
699,泛光灯.com,xn--54qy58dtqc.com,3,68,n,floodlight,生活审美,79.0,11.25,1,https://vercel.com/domains/search?q=xn--54qy58dtqc.com,2026-07-23T18:42:16.249Z,Jieba + CC-CEDICT
700,摄影家.com,xn--fctr0g37e.com,3,67,n,photographer,内容文化,79.0,11.25,1,https://vercel.com/domains/search?q=xn--fctr0g37e.com,2026-07-23T18:42:16.249Z,Jieba + CC-CEDICT
701,制片厂.com,xn--xcr84af98d.com,3,183,n,film studio,通用品牌,78.9,11.25,1,https://vercel.com/domains/search?q=xn--xcr84af98d.com,2026-07-23T18:42:16.249Z,Jieba + CC-CEDICT
702,基本面.com,xn--3jso76a5n0b.com,3,182,n,basics; essentials; fundamentals; (finance) fundamentals,通用品牌,78.9,11.25,1,https://vercel.com/domains/search?q=xn--3jso76a5n0b.com,2026-07-23T18:42:16.249Z,Jieba + CC-CEDICT
703,哲学史.com,xn--mpr1w28m.com,3,182,n,history of philosophy,内容文化,78.9,11.25,1,https://vercel.com/domains/search?q=xn--mpr1w28m.com,2026-07-23T18:42:16.249Z,Jieba + CC-CEDICT
704,谈恋爱.com,xn--x9t711b70s.com,3,181,v,to be in a romantic relationship; to go steady; to be dating,通用品牌,78.9,11.25,1,https://vercel.com/domains/search?q=xn--x9t711b70s.com,2026-07-23T18:42:16.249Z,Jieba + CC-CEDICT
705,历史学.com,xn--jmrsjl1r.com,3,179,n,history,内容文化,78.8,11.25,1,https://vercel.com/domains/search?q=xn--jmrsjl1r.com,2026-07-23T18:42:16.249Z,Jieba + CC-CEDICT
706,奶制品.com,xn--xcrv5di7f.com,3,63,n,dairy product,通用品牌,78.8,11.25,1,https://vercel.com/domains/search?q=xn--xcrv5di7f.com,2026-07-23T18:42:16.249Z,Jieba + CC-CEDICT
707,众星捧月.com,xn--3oq080cw3bx0a.com,4,400,i,"lit. all the stars cup themselves around the moon (idiom, from Analects); fig. to view sb as core figure; to group around a revered leader; to revolve around sb",成语意象,78.8,11.25,1,https://vercel.com/domains/search?q=xn--3oq080cw3bx0a.com,2026-07-23T18:24:48.083Z,Jieba + CC-CEDICT
708,贸易额.com,xn--7hv548fcth.com,3,172,n,volume of trade (between countries),通用品牌,78.7,11.25,1,https://vercel.com/domains/search?q=xn--7hv548fcth.com,2026-07-23T18:42:16.249Z,Jieba + CC-CEDICT
709,复制品.com,xn--xcrv5diyf.com,3,62,n,replica; reproduction,通用品牌,78.7,11.25,1,https://vercel.com/domains/search?q=xn--xcrv5diyf.com,2026-07-23T18:42:16.249Z,Jieba + CC-CEDICT
710,分析法.com,xn--kbry83cwwd.com,3,169,n,the analytic method; analytic reasoning,通用品牌,78.7,11.25,1,https://vercel.com/domains/search?q=xn--kbry83cwwd.com,2026-07-23T18:42:16.249Z,Jieba + CC-CEDICT
711,歌舞团.com,xn--3bsx88b0uq.com,3,169,n,song and dance troupe,通用品牌,78.6,11.25,1,https://vercel.com/domains/search?q=xn--3bsx88b0uq.com,2026-07-23T18:42:16.249Z,Jieba + CC-CEDICT
712,全心全意.com,xn--15qa831i8hb.com,4,384,i,(idiom) heart and soul; wholeheartedly,品质价值,78.6,11.25,1,https://vercel.com/domains/search?q=xn--15qa831i8hb.com,2026-07-23T18:24:48.083Z,Jieba + CC-CEDICT
713,平均值.com,xn--hxq94omng.com,3,165,n,average value,通用品牌,78.6,11.25,1,https://vercel.com/domains/search?q=xn--hxq94omng.com,2026-07-23T18:42:16.249Z,Jieba + CC-CEDICT
714,营业额.com,xn--vhq703kg3m.com,3,161,n,sum or volume of business; turnover,通用品牌,78.6,11.25,1,https://vercel.com/domains/search?q=xn--vhq703kg3m.com,2026-07-23T18:42:16.249Z,Jieba + CC-CEDICT
715,影剧院.com,xn--cers13av36b.com,3,58,n,cinema; movie theater,内容文化,78.5,11.25,1,https://vercel.com/domains/search?q=xn--cers13av36b.com,2026-07-23T18:42:16.249Z,Jieba + CC-CEDICT
716,酒精灯.com,xn--znxn6xs5p.com,3,159,n,spirit lamp,通用品牌,78.5,11.25,1,https://vercel.com/domains/search?q=xn--znxn6xs5p.com,2026-07-23T18:42:16.249Z,Jieba + CC-CEDICT
717,探险家.com,xn--fct37ph89b.com,3,159,n,explorer,通用品牌,78.5,11.25,1,https://vercel.com/domains/search?q=xn--fct37ph89b.com,2026-07-23T18:42:16.249Z,Jieba + CC-CEDICT
718,期望值.com,xn--hxq707cla.com,3,158,n,expectations; (math) expected value,通用品牌,78.4,11.25,1,https://vercel.com/domains/search?q=xn--hxq707cla.com,2026-07-23T18:42:16.249Z,Jieba + CC-CEDICT
719,小册子.com,xn--26qx1vlqa.com,3,158,n,booklet; pamphlet; leaflet; information sheet; menu; CL:本[ben3],通用品牌,78.4,11.25,1,https://vercel.com/domains/search?q=xn--26qx1vlqa.com,2026-07-23T18:42:16.249Z,Jieba + CC-CEDICT
720,少奶奶.com,xn--yusa31r.com,3,157,n,young lady of the house; wife of the young master,通用品牌,78.4,11.25,1,https://vercel.com/domains/search?q=xn--yusa31r.com,2026-07-23T18:42:16.249Z,Jieba + CC-CEDICT
721,电灯泡.com,xn--zwwt9ez6e.com,3,156,n,light bulb; (slang) unwanted third guest,通用品牌,78.4,11.25,1,https://vercel.com/domains/search?q=xn--zwwt9ez6e.com,2026-07-23T18:42:16.249Z,Jieba + CC-CEDICT
722,清洁工.com,xn--est494ajwa.com,3,56,n,cleaner; janitor; garbage collector,生活审美,78.3,11.25,1,https://vercel.com/domains/search?q=xn--est494ajwa.com,2026-07-23T18:42:16.249Z,Jieba + CC-CEDICT
723,教育家.com,xn--fct17td2w.com,3,155,n,educationalist,通用品牌,78.3,11.25,1,https://vercel.com/domains/search?q=xn--fct17td2w.com,2026-07-23T18:42:16.249Z,Jieba + CC-CEDICT
724,成名作.com,xn--2qq27ip1o.com,3,54,n,"seminal work that propels a writer (or artist, composer etc) to fame",通用品牌,78.3,11.25,1,https://vercel.com/domains/search?q=xn--2qq27ip1o.com,2026-07-23T18:42:16.249Z,Jieba + CC-CEDICT
725,黄花菜.com,xn--jh1axxe04d.com,3,53,n,citron daylily (Hemerocallis citrina Baroni); golden needles (its edible flower),生活审美,78.2,11.25,1,https://vercel.com/domains/search?q=xn--jh1axxe04d.com,2026-07-23T18:42:16.249Z,Jieba + CC-CEDICT
726,姑奶奶.com,xn--yusa5y.com,3,148,n,paternal great-aunt (father's father's sister); (respectful form of address for a married woman used by members of her parents' family) married daughter; (brassy self-reference used by a woman in an altercation) I; me; t,通用品牌,78.2,11.25,1,https://vercel.com/domains/search?q=xn--yusa5y.com,2026-07-23T18:42:16.249Z,Jieba + CC-CEDICT
727,形成层.com,xn--fgtp6e2yc.com,3,52,n,vascular cambium (layer of tissue responsible for growth inside wood),通用品牌,78.2,11.25,1,https://vercel.com/domains/search?q=xn--fgtp6e2yc.com,2026-07-23T18:42:16.249Z,Jieba + CC-CEDICT
728,生物界.com,xn--g2xt1d5d.com,3,144,n,(biology) the biological world; the realm of living organisms,通用品牌,78.1,11.25,1,https://vercel.com/domains/search?q=xn--g2xt1d5d.com,2026-07-23T18:42:16.249Z,Jieba + CC-CEDICT
729,室内乐.com,xn--fjqy1fc9l.com,3,51,n,chamber music,内容文化,78.1,11.25,1,https://vercel.com/domains/search?q=xn--fjqy1fc9l.com,2026-07-23T18:42:16.249Z,Jieba + CC-CEDICT
730,副产品.com,xn--wlqy5g76b.com,3,50,n,by-product,通用品牌,78.1,11.25,1,https://vercel.com/domains/search?q=xn--wlqy5g76b.com,2026-07-23T18:42:16.249Z,Jieba + CC-CEDICT
731,好心人.com,xn--gmq25xx3e.com,3,50,n,kindhearted person; good Samaritan,品质价值,78.1,11.25,1,https://vercel.com/domains/search?q=xn--gmq25xx3e.com,2026-07-23T18:42:16.249Z,Jieba + CC-CEDICT
732,惊心动魄.com,xn--6frv81aswa642o.com,4,327,i,(idiom) heart-stopping; hair-raising; breathtaking,品质价值,78.0,11.25,1,https://vercel.com/domains/search?q=xn--6frv81aswa642o.com,2026-07-23T18:24:48.083Z,Jieba + CC-CEDICT
733,淡水湖.com,xn--1rwr9ack.com,3,140,n,freshwater lake,通用品牌,78.0,11.25,1,https://vercel.com/domains/search?q=xn--1rwr9ack.com,2026-07-23T18:42:16.249Z,Jieba + CC-CEDICT
734,意向书.com,xn--1jqy1lcvm.com,3,49,n,letter of intent (LOI) (commerce),内容文化,78.0,11.25,1,https://vercel.com/domains/search?q=xn--1jqy1lcvm.com,2026-07-23T18:42:16.249Z,Jieba + CC-CEDICT
735,名副其实.com,xn--g6q9wz2bp0p.com,4,819,i,"not just in name only, but also in reality (idiom); aptly named; worthy of the name",成语意象,77.9,11.25,1,https://vercel.com/domains/search?q=xn--g6q9wz2bp0p.com,2026-07-23T18:21:29.174Z,Jieba + CC-CEDICT
736,教研室.com,xn--wbtt9t9up.com,3,135,n,teaching and research office,通用品牌,77.9,11.25,1,https://vercel.com/domains/search?q=xn--wbtt9t9up.com,2026-07-23T18:42:16.249Z,Jieba + CC-CEDICT
737,真面目.com,xn--i0yzd309h.com,3,47,n,true identity; true colors,品质价值,77.9,11.25,1,https://vercel.com/domains/search?q=xn--i0yzd309h.com,2026-07-23T18:42:16.249Z,Jieba + CC-CEDICT
738,黄褐色.com,xn--qf1am9khqu.com,3,133,n,tan (color); tawny,生活审美,77.8,11.25,1,https://vercel.com/domains/search?q=xn--qf1am9khqu.com,2026-07-23T18:42:16.249Z,Jieba + CC-CEDICT
739,邀请赛.com,xn--df3ak1a72e.com,3,133,n,invitation tournament (e.g. between schools or firms),通用品牌,77.8,11.25,1,https://vercel.com/domains/search?q=xn--df3ak1a72e.com,2026-07-23T18:42:16.249Z,Jieba + CC-CEDICT
740,建筑学.com,xn--48s16f417a.com,3,131,n,architectural; architecture,通用品牌,77.8,11.25,1,https://vercel.com/domains/search?q=xn--48s16f417a.com,2026-07-23T18:42:16.249Z,Jieba + CC-CEDICT
741,考察团.com,xn--3bsx9i9p1b.com,3,131,n,inspection team,通用品牌,77.8,11.25,1,https://vercel.com/domains/search?q=xn--3bsx9i9p1b.com,2026-07-23T18:42:16.249Z,Jieba + CC-CEDICT
742,爵士乐.com,xn--fjq61x5ou.com,3,46,n,jazz (loanword),内容文化,77.7,11.25,1,https://vercel.com/domains/search?q=xn--fjq61x5ou.com,2026-07-23T18:42:16.249Z,Jieba + CC-CEDICT
743,依山傍水.com,xn--xsqswl9zg0p.com,4,304,i,mountains on one side and water on the other,生活审美,77.7,11.25,1,https://vercel.com/domains/search?q=xn--xsqswl9zg0p.com,2026-07-23T18:36:19.165Z,Jieba + CC-CEDICT
744,积分榜.com,xn--kbrw88cfrl.com,3,128,n,table of scores (in exams or sports league),通用品牌,77.7,11.25,1,https://vercel.com/domains/search?q=xn--kbrw88cfrl.com,2026-07-23T18:42:16.249Z,Jieba + CC-CEDICT
745,最惠国.com,xn--vcsx3un4e.com,3,128,n,most-favored nation (trade status),通用品牌,77.6,11.25,1,https://vercel.com/domains/search?q=xn--vcsx3un4e.com,2026-07-23T18:42:16.249Z,Jieba + CC-CEDICT
746,再生产.com,xn--wlq83es21c.com,3,571,l,to reproduce; reproduction,通用品牌,77.6,11.25,1,https://vercel.com/domains/search?q=xn--wlq83es21c.com,2026-07-23T18:39:10.413Z,Jieba + CC-CEDICT
747,思想史.com,xn--mprz6zmsa.com,3,127,n,intellectual history,内容文化,77.6,11.25,1,https://vercel.com/domains/search?q=xn--mprz6zmsa.com,2026-07-23T18:42:16.249Z,Jieba + CC-CEDICT
748,自然资源.com,xn--b9w99crvxfwk.com,4,1277,l,natural resource,成语意象,77.5,11.25,1,https://vercel.com/domains/search?q=xn--b9w99crvxfwk.com,2026-07-23T18:24:48.083Z,Jieba + CC-CEDICT
749,运输业.com,xn--vhq090nhfa.com,3,126,n,transportation industry,通用品牌,77.5,11.25,1,https://vercel.com/domains/search?q=xn--vhq090nhfa.com,2026-07-23T18:42:16.249Z,Jieba + CC-CEDICT
750,无记名.com,xn--eqrr82bzt1a.com,3,552,l,(of a document) not bearing a name; unregistered (financial securities etc); bearer (bond); secret (ballot etc); anonymous; unattributed (remarks); (of a check) payable to the bearer,通用品牌,77.5,11.25,1,https://vercel.com/domains/search?q=xn--eqrr82bzt1a.com,2026-07-23T18:39:10.415Z,Jieba + CC-CEDICT
751,半边天.com,xn--tkro0li57c.com,3,43,i,half the sky; women of the new society; womenfolk,生活审美,77.5,11.25,1,https://vercel.com/domains/search?q=xn--tkro0li57c.com,2026-07-23T18:42:16.249Z,Jieba + CC-CEDICT
752,书面语.com,xn--1jqx31mngh.com,3,43,n,written language,内容文化,77.4,11.25,1,https://vercel.com/domains/search?q=xn--1jqx31mngh.com,2026-07-23T18:42:16.249Z,Jieba + CC-CEDICT
753,新陈代谢.com,xn--mnqs96cwg1a4qi.com,4,284,i,metabolism (biology); the new replaces the old (idiom),成语意象,77.4,11.25,1,https://vercel.com/domains/search?q=xn--mnqs96cwg1a4qi.com,2026-07-23T18:24:48.084Z,Jieba + CC-CEDICT
754,心安理得.com,xn--49s47gzdn87f.com,4,107,i,to have a clear conscience; to have no qualms about sth,品质价值,77.4,11.25,1,https://vercel.com/domains/search?q=xn--49s47gzdn87f.com,2026-07-23T18:36:19.167Z,Jieba + CC-CEDICT
755,艺术史.com,xn--mprp16b42t.com,3,42,n,art history,内容文化,77.3,11.25,1,https://vercel.com/domains/search?q=xn--mprp16b42t.com,2026-07-23T18:42:16.249Z,Jieba + CC-CEDICT
756,打折扣.com,xn--spu6a2k.com,3,120,i,to give a discount; to be of less value than anticipated,通用品牌,77.3,11.25,1,https://vercel.com/domains/search?q=xn--spu6a2k.com,2026-07-23T18:39:10.418Z,Jieba + CC-CEDICT
757,子系统.com,xn--i8s869erjb.com,3,120,n,subsystem,科技产品,77.3,11.25,1,https://vercel.com/domains/search?q=xn--i8s869erjb.com,2026-07-23T18:42:16.249Z,Jieba + CC-CEDICT
758,新婚燕尔.com,xn--h1s03b28qmtm.com,4,279,n,(idiom) to experience the joy of being newly married,成语意象,77.2,11.25,1,https://vercel.com/domains/search?q=xn--h1s03b28qmtm.com,2026-07-23T18:39:10.415Z,Jieba + CC-CEDICT
759,档案馆.com,xn--dyv4b290s.com,3,119,n,archive library,通用品牌,77.2,11.25,1,https://vercel.com/domains/search?q=xn--dyv4b290s.com,2026-07-23T18:42:16.249Z,Jieba + CC-CEDICT
760,硕士生.com,xn--zqs496dogc.com,3,119,n,Master's degree student,通用品牌,77.2,11.25,1,https://vercel.com/domains/search?q=xn--zqs496dogc.com,2026-07-23T18:42:16.249Z,Jieba + CC-CEDICT
761,印刷术.com,xn--ycrq3al74b.com,3,118,n,printing; printing technology,通用品牌,77.2,11.25,1,https://vercel.com/domains/search?q=xn--ycrq3al74b.com,2026-07-23T18:42:16.249Z,Jieba + CC-CEDICT
762,总决赛.com,xn--67q076ah77a.com,3,118,n,finals (sports),通用品牌,77.1,11.25,1,https://vercel.com/domains/search?q=xn--67q076ah77a.com,2026-07-23T18:42:16.249Z,Jieba + CC-CEDICT
763,春分点.com,xn--kbr630cfwh.com,3,40,n,the spring equinox,通用品牌,77.1,11.25,1,https://vercel.com/domains/search?q=xn--kbr630cfwh.com,2026-07-23T18:42:16.249Z,Jieba + CC-CEDICT
764,科学界.com,xn--48sq61degd.com,3,114,n,world of science; scientific circles,通用品牌,77.1,11.25,1,https://vercel.com/domains/search?q=xn--48sq61degd.com,2026-07-23T18:42:16.249Z,Jieba + CC-CEDICT
765,公益金.com,xn--55qw42gcrs.com,3,39,n,public welfare funds; community chest,通用品牌,77.0,11.25,1,https://vercel.com/domains/search?q=xn--55qw42gcrs.com,2026-07-23T18:42:16.249Z,Jieba + CC-CEDICT
766,专利权.com,xn--ohq82hb0x.com,3,113,n,patent right,通用品牌,77.0,11.25,1,https://vercel.com/domains/search?q=xn--ohq82hb0x.com,2026-07-23T18:42:16.249Z,Jieba + CC-CEDICT
767,生产能力.com,xn--wlq39gl92bi6j.com,4,672,n,manufacturing ability; production capacity,成语意象,77.0,11.25,1,https://vercel.com/domains/search?q=xn--wlq39gl92bi6j.com,2026-07-23T18:36:19.168Z,Jieba + CC-CEDICT
768,旗帜鲜明.com,xn--ytty5o0ep26s.com,4,98,i,to show one's colors; to have a clear-cut stand (idiom),生活审美,76.9,11.25,1,https://vercel.com/domains/search?q=xn--ytty5o0ep26s.com,2026-07-23T18:36:19.165Z,Jieba + CC-CEDICT
769,四通八达.com,xn--45q65kk42dqka.com,4,670,i,roads open in all directions (idiom); accessible from all sides,成语意象,76.9,11.25,1,https://vercel.com/domains/search?q=xn--45q65kk42dqka.com,2026-07-23T18:21:29.174Z,Jieba + CC-CEDICT
770,男高音.com,xn--ynyy45er5b.com,3,38,n,tenor (singing voice); a tenor,内容文化,76.9,11.25,1,https://vercel.com/domains/search?q=xn--ynyy45er5b.com,2026-07-23T18:42:16.249Z,Jieba + CC-CEDICT
771,信息论.com,xn--vuq861b8v6a.com,3,38,n,information theory,科技产品,76.9,11.25,1,https://vercel.com/domains/search?q=xn--vuq861b8v6a.com,2026-07-23T18:42:16.249Z,Jieba + CC-CEDICT
772,在天之灵.com,xn--9iqw9s8sbwv8b.com,4,97,i,soul and spirit of the deceased,生活审美,76.8,11.25,1,https://vercel.com/domains/search?q=xn--9iqw9s8sbwv8b.com,2026-07-23T18:39:10.414Z,Jieba + CC-CEDICT
773,阅览室.com,xn--wbtr78hsxh.com,3,110,n,reading room; CL:間|间[jian1],通用品牌,76.8,11.25,1,https://vercel.com/domains/search?q=xn--wbtr78hsxh.com,2026-07-23T18:42:16.249Z,Jieba + CC-CEDICT
774,运动场.com,xn--6fr49hvv5d.com,3,105,n,sports field; playground; exercise yard,通用品牌,76.8,11.25,1,https://vercel.com/domains/search?q=xn--6fr49hvv5d.com,2026-07-23T18:42:16.249Z,Jieba + CC-CEDICT
775,心满意足.com,xn--15tu2ai71a053a.com,4,247,i,perfectly contented (idiom); perfectly satisfied,品质价值,76.7,11.25,1,https://vercel.com/domains/search?q=xn--15tu2ai71a053a.com,2026-07-23T18:28:33.159Z,Jieba + CC-CEDICT
776,管闲事.com,xn--3kqz21iqrq.com,3,104,n,"to meddle; to be a ""nosy Parker""; to be too inquisitive about other people's business",通用品牌,76.7,11.25,1,https://vercel.com/domains/search?q=xn--3kqz21iqrq.com,2026-07-23T18:42:16.249Z,Jieba + CC-CEDICT
777,下水道.com,xn--ghq284evyy.com,3,103,n,underground drain; sewer,通用品牌,76.7,11.25,1,https://vercel.com/domains/search?q=xn--ghq284evyy.com,2026-07-23T18:42:16.249Z,Jieba + CC-CEDICT
778,火车头.com,xn--2ss135c22v.com,3,102,n,train engine; locomotive,通用品牌,76.6,11.25,1,https://vercel.com/domains/search?q=xn--2ss135c22v.com,2026-07-23T18:42:16.249Z,Jieba + CC-CEDICT
779,年代学.com,xn--mnqw81a8kc.com,3,102,n,chronology (the science of determining the dates of past events),通用品牌,76.6,11.25,1,https://vercel.com/domains/search?q=xn--mnqw81a8kc.com,2026-07-23T18:42:16.249Z,Jieba + CC-CEDICT
780,必修课.com,xn--8uqy99aon7a.com,3,101,n,required course; compulsory course,通用品牌,76.6,11.25,1,https://vercel.com/domains/search?q=xn--8uqy99aon7a.com,2026-07-23T18:42:16.249Z,Jieba + CC-CEDICT
781,高技术.com,xn--2qu37hs79c.com,3,99,n,high technology; high-tech,科技产品,76.6,11.25,1,https://vercel.com/domains/search?q=xn--2qu37hs79c.com,2026-07-23T18:42:16.249Z,Jieba + CC-CEDICT
782,睡美人.com,xn--gmqx40hoof.com,3,33,n,Sleeping Beauty,生活审美,76.5,11.25,1,https://vercel.com/domains/search?q=xn--gmqx40hoof.com,2026-07-23T18:42:16.249Z,Jieba + CC-CEDICT
783,地形图.com,xn--wcs7dp7y.com,3,98,n,topographic map,内容文化,76.5,11.25,1,https://vercel.com/domains/search?q=xn--wcs7dp7y.com,2026-07-23T18:42:16.249Z,Jieba + CC-CEDICT
784,小组赛.com,xn--yetq12ff6j.com,3,96,n,(sports) group stage; group-stage match,通用品牌,76.5,11.25,1,https://vercel.com/domains/search?q=xn--yetq12ff6j.com,2026-07-23T18:42:16.249Z,Jieba + CC-CEDICT
785,灵机一动.com,xn--4gq66il5vbwi.com,4,227,i,a bright idea suddenly occurs (idiom); to hit upon an inspiration; to be struck by a brainwave,成语意象,76.4,11.25,1,https://vercel.com/domains/search?q=xn--4gq66il5vbwi.com,2026-07-23T18:28:33.159Z,Jieba + CC-CEDICT
786,积雨云.com,xn--9kq107h0fs.com,3,32,n,cumulonimbus (cloud),生活审美,76.4,11.25,1,https://vercel.com/domains/search?q=xn--9kq107h0fs.com,2026-07-23T18:42:16.249Z,Jieba + CC-CEDICT
787,真实感.com,xn--qbty1kyuv.com,3,32,n,the feeling that sth is genuine; sense of reality; in the flesh,品质价值,76.4,11.25,1,https://vercel.com/domains/search?q=xn--qbty1kyuv.com,2026-07-23T18:42:16.249Z,Jieba + CC-CEDICT
788,中心点.com,xn--fiqq24bgmm.com,3,32,n,center; central point; focus,品质价值,76.3,11.25,1,https://vercel.com/domains/search?q=xn--fiqq24bgmm.com,2026-07-23T18:42:16.249Z,Jieba + CC-CEDICT
789,排山倒海.com,xn--9vq741aoqft3k.com,4,84,i,lit. to topple the mountains and overturn the seas (idiom); earth-shattering; fig. gigantic; of spectacular significance,生活审美,76.3,11.25,1,https://vercel.com/domains/search?q=xn--9vq741aoqft3k.com,2026-07-23T18:36:19.165Z,Jieba + CC-CEDICT
790,教育界.com,xn--wcvy86adsi.com,3,95,n,academic world; academic circles; academia,通用品牌,76.3,11.25,1,https://vercel.com/domains/search?q=xn--wcvy86adsi.com,2026-07-23T18:42:16.249Z,Jieba + CC-CEDICT
791,心甘情愿.com,xn--15t7volr96d.com,4,225,i,"delighted to (do sth, idiom); perfectly happy to do; most willing to do",品质价值,76.3,11.25,1,https://vercel.com/domains/search?q=xn--15t7volr96d.com,2026-07-23T18:28:33.159Z,Jieba + CC-CEDICT
792,惊天动地.com,xn--6fr68hixbg2n.com,4,221,i,(idiom) world-shaking,生活审美,76.2,11.25,1,https://vercel.com/domains/search?q=xn--6fr68hixbg2n.com,2026-07-23T18:36:19.165Z,Jieba + CC-CEDICT
793,霓虹灯.com,xn--znx138bjxl.com,3,93,n,(loanword) neon lights,通用品牌,76.2,11.25,1,https://vercel.com/domains/search?q=xn--znx138bjxl.com,2026-07-23T18:42:16.249Z,Jieba + CC-CEDICT
794,知识界.com,xn--koy78ch51a.com,3,90,n,intellectual circles; intelligentsia,通用品牌,76.2,11.25,1,https://vercel.com/domains/search?q=xn--koy78ch51a.com,2026-07-23T18:42:16.249Z,Jieba + CC-CEDICT
795,服务费.com,xn--zfr188bw11a.com,3,89,n,service charge; cover charge,通用品牌,76.1,11.25,1,https://vercel.com/domains/search?q=xn--zfr188bw11a.com,2026-07-23T18:42:16.249Z,Jieba + CC-CEDICT
796,随心所欲.com,xn--15t68ck2mv00c.com,4,210,i,(idiom) to follow one's heart's desires; to do as one pleases,品质价值,76.1,11.25,1,https://vercel.com/domains/search?q=xn--15t68ck2mv00c.com,2026-07-23T18:28:33.159Z,Jieba + CC-CEDICT
797,一大早.com,xn--4gqt5y7jk.com,3,403,l,at dawn; at first light; first thing in the morning,通用品牌,76.1,11.25,1,https://vercel.com/domains/search?q=xn--4gqt5y7jk.com,2026-07-23T18:42:16.247Z,Jieba + CC-CEDICT
798,流芳百世.com,xn--rhqs37ezkgevm.com,4,538,i,"(of one's name, reputation etc) to be immortalized (idiom); to leave a mark for generations to come",成语意象,76.0,11.25,1,https://vercel.com/domains/search?q=xn--rhqs37ezkgevm.com,2026-07-23T18:24:48.083Z,Jieba + CC-CEDICT
799,发行人.com,xn--gmqw7jur8c.com,3,87,n,publisher; issuer,通用品牌,76.0,11.25,1,https://vercel.com/domains/search?q=xn--gmqw7jur8c.com,2026-07-23T18:42:16.249Z,Jieba + CC-CEDICT
800,理工科.com,xn--estn60cf8d.com,3,85,n,science and engineering as academic subjects,通用品牌,76.0,11.25,1,https://vercel.com/domains/search?q=xn--estn60cf8d.com,2026-07-23T18:42:16.249Z,Jieba + CC-CEDICT
801,风云人物.com,xn--9kqtdp95jid6a.com,4,74,i,the man (or woman) of the moment (idiom); influential figure,生活审美,76.0,11.25,1,https://vercel.com/domains/search?q=xn--9kqtdp95jid6a.com,2026-07-23T18:36:19.165Z,Jieba + CC-CEDICT
802,舆论界.com,xn--koy94y6qh.com,3,84,n,media; commentators,通用品牌,75.9,11.25,1,https://vercel.com/domains/search?q=xn--koy94y6qh.com,2026-07-23T18:42:16.249Z,Jieba + CC-CEDICT
803,天底下.com,xn--ghqv4y8ke.com,3,146,s,in this world; under the sun,生活审美,75.9,11.25,1,https://vercel.com/domains/search?q=xn--ghqv4y8ke.com,2026-07-23T18:42:16.249Z,Jieba + CC-CEDICT
804,地震带.com,xn--cesw5ncy5c.com,3,82,n,seismic zone; earthquake belt,通用品牌,75.9,11.25,1,https://vercel.com/domains/search?q=xn--cesw5ncy5c.com,2026-07-23T18:42:16.249Z,Jieba + CC-CEDICT
805,工商界.com,xn--czr93rtnu.com,3,82,n,industry; the world of business,通用品牌,75.8,11.25,1,https://vercel.com/domains/search?q=xn--czr93rtnu.com,2026-07-23T18:42:16.249Z,Jieba + CC-CEDICT
806,洪水期.com,xn--vpvz6icva.com,3,82,t,flood season,通用品牌,75.8,11.25,1,https://vercel.com/domains/search?q=xn--vpvz6icva.com,2026-07-23T18:42:16.249Z,Jieba + CC-CEDICT
807,基本点.com,xn--3jso76au9g.com,3,82,n,key point; crux; (finance) basis point,通用品牌,75.8,11.25,1,https://vercel.com/domains/search?q=xn--3jso76au9g.com,2026-07-23T18:42:16.249Z,Jieba + CC-CEDICT
808,捕风捉影.com,xn--p3t98f9a0423b.com,4,71,i,lit. chasing the wind and clutching at shadows (idiom); fig. groundless accusations; to act on hearsay evidence,内容文化,75.7,11.25,1,https://vercel.com/domains/search?q=xn--p3t98f9a0423b.com,2026-07-23T18:36:19.168Z,Jieba + CC-CEDICT
809,耳旁风.com,xn--vfvp20d7mr.com,3,26,i,lit. wind past your ear; fig. sth you don't pay much attention to; in one ear and out the other,生活审美,75.7,11.25,1,https://vercel.com/domains/search?q=xn--vfvp20d7mr.com,2026-07-23T18:42:16.249Z,Jieba + CC-CEDICT
810,指挥家.com,xn--fct13ouc.com,3,80,n,(music) conductor,通用品牌,75.7,11.25,1,https://vercel.com/domains/search?q=xn--fct13ouc.com,2026-07-23T18:42:16.249Z,Jieba + CC-CEDICT
811,拨乱反正.com,xn--dkq93koqpgii.com,4,495,i,bring order out of chaos; set to rights things which have been thrown into disorder,成语意象,75.7,11.25,1,https://vercel.com/domains/search?q=xn--dkq93koqpgii.com,2026-07-23T18:36:19.167Z,Jieba + CC-CEDICT
812,触目惊心.com,xn--15ttwl54c7kr.com,4,189,i,"lit. shocks the eye, astonishes the heart (idiom); shocking; horrible to see; a ghastly sight",品质价值,75.6,11.25,1,https://vercel.com/domains/search?q=xn--15ttwl54c7kr.com,2026-07-23T18:36:19.165Z,Jieba + CC-CEDICT
813,普天之下.com,xn--ghqwfu74ahln.com,4,188,i,(idiom) all under heaven; in the whole world; throughout the world,生活审美,75.6,11.25,1,https://vercel.com/domains/search?q=xn--ghqwfu74ahln.com,2026-07-23T18:36:19.167Z,Jieba + CC-CEDICT
814,收盘价.com,xn--6nq255c6om.com,3,78,n,"closing price (of share, commodity etc)",通用品牌,75.6,11.25,1,https://vercel.com/domains/search?q=xn--6nq255c6om.com,2026-07-23T18:42:16.249Z,Jieba + CC-CEDICT
815,资格赛.com,xn--0xv473f9b.com,3,76,n,qualifying round (in sports),通用品牌,75.5,11.25,1,https://vercel.com/domains/search?q=xn--0xv473f9b.com,2026-07-23T18:42:16.249Z,Jieba + CC-CEDICT
816,鼎盛期.com,xn--vpv236acm4a.com,3,24,i,golden age; heyday; period of peak prosperity,通用品牌,75.5,11.25,1,https://vercel.com/domains/search?q=xn--vpv236acm4a.com,2026-07-23T18:42:16.249Z,Jieba + CC-CEDICT
817,茶话会.com,xn--6oq438j4of.com,3,73,n,tea party,通用品牌,75.5,11.25,1,https://vercel.com/domains/search?q=xn--6oq438j4of.com,2026-07-23T18:42:16.249Z,Jieba + CC-CEDICT
818,制片人.com,xn--gmqt8fwt2b.com,3,73,n,film producer,通用品牌,75.4,11.25,1,https://vercel.com/domains/search?q=xn--gmqt8fwt2b.com,2026-07-23T18:42:16.249Z,Jieba + CC-CEDICT
819,不动声色.com,xn--ihq15i3rgoo2c.com,4,456,i,not a word or movement (idiom); remaining calm and collected; not batting an eyelid,内容文化,75.4,11.25,1,https://vercel.com/domains/search?q=xn--ihq15i3rgoo2c.com,2026-07-23T18:24:48.083Z,Jieba + CC-CEDICT
820,对抗赛.com,xn--cetw7mos4b.com,3,72,n,duel; match; competition between paired opponents (e.g. sporting),通用品牌,75.4,11.25,1,https://vercel.com/domains/search?q=xn--cetw7mos4b.com,2026-07-23T18:42:16.249Z,Jieba + CC-CEDICT
821,生长素.com,xn--9mys4o08u.com,3,72,n,auxin (plant growth hormone),通用品牌,75.4,11.25,1,https://vercel.com/domains/search?q=xn--9mys4o08u.com,2026-07-23T18:42:16.249Z,Jieba + CC-CEDICT
822,运筹学.com,xn--48s595ek4n.com,3,72,n,operations research (OR),通用品牌,75.3,11.25,1,https://vercel.com/domains/search?q=xn--48s595ek4n.com,2026-07-23T18:42:16.249Z,Jieba + CC-CEDICT
823,谢天谢地.com,xn--cest9bq05gba.com,4,171,i,(idiom) thank goodness,生活审美,75.3,11.25,1,https://vercel.com/domains/search?q=xn--cest9bq05gba.com,2026-07-23T18:36:19.167Z,Jieba + CC-CEDICT
824,聚居地.com,xn--ces11jz90b.com,3,70,n,inhabited land; habitat,通用品牌,75.3,11.25,1,https://vercel.com/domains/search?q=xn--ces11jz90b.com,2026-07-23T18:42:16.249Z,Jieba + CC-CEDICT
825,走马灯.com,xn--znxr23d62i.com,3,70,n,"lantern with a carousel of paper horses rotating under convection, used at Lantern Festival 元宵節|元宵节[Yuan2 xiao1 jie2]; (fig.) revolving door; musical chairs (metaphor for people being shuffled around into different jobs)",通用品牌,75.2,11.25,1,https://vercel.com/domains/search?q=xn--znxr23d62i.com,2026-07-23T18:42:16.249Z,Jieba + CC-CEDICT
826,师范大学.com,xn--pss25cz5c7t3d.com,4,438,n,normal university; teacher training college,成语意象,75.2,11.25,1,https://vercel.com/domains/search?q=xn--pss25cz5c7t3d.com,2026-07-23T18:42:16.249Z,Jieba + CC-CEDICT
827,刀光剑影.com,xn--54q3q1hn77b.com,4,61,i,lit. flash of knives and swords (idiom); fig. intense conflict,内容文化,75.2,11.25,1,https://vercel.com/domains/search?q=xn--54q3q1hn77b.com,2026-07-23T18:36:19.168Z,Jieba + CC-CEDICT
828,考察队.com,xn--ldtx45fgfp.com,3,69,n,investigation team; scientific expedition,通用品牌,75.1,11.25,1,https://vercel.com/domains/search?q=xn--ldtx45fgfp.com,2026-07-23T18:42:16.249Z,Jieba + CC-CEDICT
829,录像带.com,xn--o1q083a6za.com,3,69,n,videotape; video cassette; CL:盤|盘[pan2],通用品牌,75.1,11.25,1,https://vercel.com/domains/search?q=xn--o1q083a6za.com,2026-07-23T18:42:16.249Z,Jieba + CC-CEDICT
830,民间舞.com,xn--1qw838bi6n.com,3,69,n,folk dance,通用品牌,75.1,11.25,1,https://vercel.com/domains/search?q=xn--1qw838bi6n.com,2026-07-23T18:42:16.249Z,Jieba + CC-CEDICT
831,身子骨.com,xn--i8sz80jdsh.com,3,69,n,(coll.) physique; physical constitution; health,通用品牌,75.1,11.25,1,https://vercel.com/domains/search?q=xn--i8sz80jdsh.com,2026-07-23T18:42:16.249Z,Jieba + CC-CEDICT
832,见面礼.com,xn--diz615acjk.com,3,68,i,gift given to sb when meeting them for the first time,通用品牌,75.0,11.25,1,https://vercel.com/domains/search?q=xn--diz615acjk.com,2026-07-23T18:42:16.249Z,Jieba + CC-CEDICT
833,心不在焉.com,xn--ihqv5t16gpts.com,4,164,i,absent-minded; preoccupied; inattentive; with one's thoughts wandering,品质价值,75.0,11.25,1,https://vercel.com/domains/search?q=xn--ihqv5t16gpts.com,2026-07-23T18:36:19.168Z,Jieba + CC-CEDICT
834,一言不发.com,xn--4gq0ay18ahz9d.com,4,425,i,to not say a word (idiom),成语意象,75.0,11.25,1,https://vercel.com/domains/search?q=xn--4gq0ay18ahz9d.com,2026-07-23T18:24:48.083Z,Jieba + CC-CEDICT
835,铺天盖地.com,xn--cest9bg16c1x0a.com,4,163,i,(lit.) eclipsing the sky and blanketing the earth (idiom); (fig.) arriving in overwhelming quantities; engulfing; all-pervasive,生活审美,74.9,11.25,1,https://vercel.com/domains/search?q=xn--cest9bg16c1x0a.com,2026-07-23T18:36:19.167Z,Jieba + CC-CEDICT
836,一刀切.com,xn--4gq60hva.com,3,67,i,lit. to cut all at one stroke (idiom); to impose uniformity; one solution fits a diversity of problems; one size fits all,通用品牌,74.9,11.25,1,https://vercel.com/domains/search?q=xn--4gq60hva.com,2026-07-23T18:39:10.415Z,Jieba + CC-CEDICT
837,重头戏.com,xn--2ssy9rtw5b.com,3,66,n,opera (or role) involving much singing and action; (fig.) highlight; main feature; major activity,通用品牌,74.9,11.25,1,https://vercel.com/domains/search?q=xn--2ssy9rtw5b.com,2026-07-23T18:42:16.249Z,Jieba + CC-CEDICT
838,自然而然.com,xn--otxa705iuyb.com,4,417,i,(idiom) natural; unforced; (idiom) naturally; as a matter of course; in the natural course of things,成语意象,74.8,11.25,1,https://vercel.com/domains/search?q=xn--otxa705iuyb.com,2026-07-23T18:21:29.174Z,Jieba + CC-CEDICT
839,诚心诚意.com,xn--15tu2a725gba.com,4,57,i,earnestly and sincerely (idiom); with all sincerity,品质价值,74.8,11.25,1,https://vercel.com/domains/search?q=xn--15tu2a725gba.com,2026-07-23T18:36:19.164Z,Jieba + CC-CEDICT
840,防波堤.com,xn--blsp69brg4a.com,3,64,n,breakwater; seawall; fig. defensive buffer zone,通用品牌,74.8,11.25,1,https://vercel.com/domains/search?q=xn--blsp69brg4a.com,2026-07-23T18:42:16.249Z,Jieba + CC-CEDICT
841,节骨眼.com,xn--q2y93v5qt.com,3,64,n,(dialect) critical juncture; crucial moment; Taiwan pr. [jie2 gu5 yan3],通用品牌,74.8,11.25,1,https://vercel.com/domains/search?q=xn--q2y93v5qt.com,2026-07-23T18:42:16.249Z,Jieba + CC-CEDICT
842,四重奏.com,xn--wbsy0du90g.com,3,64,n,quartet (musical ensemble),通用品牌,74.7,11.25,1,https://vercel.com/domains/search?q=xn--wbsy0du90g.com,2026-07-23T18:42:16.249Z,Jieba + CC-CEDICT
843,回归年.com,xn--zbs89o9sa.com,3,62,n,the solar year; the year defined as the period between successive equinoxes,通用品牌,74.7,11.25,1,https://vercel.com/domains/search?q=xn--zbs89o9sa.com,2026-07-23T18:42:16.249Z,Jieba + CC-CEDICT
844,篮球队.com,xn--5eyv2o0wx.com,3,62,n,basketball team,通用品牌,74.7,11.25,1,https://vercel.com/domains/search?q=xn--5eyv2o0wx.com,2026-07-23T18:42:16.249Z,Jieba + CC-CEDICT
845,当家作主.com,xn--tiq50ao10aysd.com,4,394,i,to be in charge in one's own house (idiom); to be the master of one's own affairs,成语意象,74.6,11.25,1,https://vercel.com/domains/search?q=xn--tiq50ao10aysd.com,2026-07-23T18:24:48.084Z,Jieba + CC-CEDICT
846,天翻地覆.com,xn--cest9b392ei8h.com,4,150,i,sky and the earth turning upside down (idiom); fig. complete confusion; everything turned on its head,生活审美,74.6,11.25,1,https://vercel.com/domains/search?q=xn--cest9b392ei8h.com,2026-07-23T18:36:19.167Z,Jieba + CC-CEDICT
847,候车室.com,xn--hwq44zy25b.com,3,61,n,"waiting room (for train, bus etc)",通用品牌,74.6,11.25,1,https://vercel.com/domains/search?q=xn--hwq44zy25b.com,2026-07-23T18:42:16.249Z,Jieba + CC-CEDICT
848,架子车.com,xn--i8s710a544a.com,3,60,n,two-wheeled handcart,通用品牌,74.5,11.25,1,https://vercel.com/domains/search?q=xn--i8s710a544a.com,2026-07-23T18:42:16.249Z,Jieba + CC-CEDICT
849,开门见山.com,xn--rht72dfx5dsfk.com,4,146,i,lit. to open the door and see the mountain; fig. to get right to the point (idiom),生活审美,74.5,11.25,1,https://vercel.com/domains/search?q=xn--rht72dfx5dsfk.com,2026-07-23T18:36:19.165Z,Jieba + CC-CEDICT
850,漫不经心.com,xn--ihqr54b9hlwhp.com,4,145,i,careless; heedless; absent-minded; indifferent,品质价值,74.5,11.25,1,https://vercel.com/domains/search?q=xn--ihqr54b9hlwhp.com,2026-07-23T18:36:19.168Z,Jieba + CC-CEDICT
851,编年体.com,xn--tqqr28abuy.com,3,58,n,"in the style of annals; chronological history, the regular form of the Chinese dynastic histories",通用品牌,74.5,11.25,1,https://vercel.com/domains/search?q=xn--tqqr28abuy.com,2026-07-23T18:42:16.249Z,Jieba + CC-CEDICT
852,复印机.com,xn--wlr93kdzn.com,3,58,n,photocopier,通用品牌,74.4,11.25,1,https://vercel.com/domains/search?q=xn--wlr93kdzn.com,2026-07-23T18:42:16.249Z,Jieba + CC-CEDICT
853,科学史.com,xn--mpr56opt1a.com,3,58,n,history of science,内容文化,74.4,11.25,1,https://vercel.com/domains/search?q=xn--mpr56opt1a.com,2026-07-23T18:42:16.249Z,Jieba + CC-CEDICT
854,断断续续.com,xn--bfva605qa.com,4,371,i,intermittent; off and on; discontinuous; stop-go; stammering; disjointed; inarticulate,成语意象,74.4,11.25,1,https://vercel.com/domains/search?q=xn--bfva605qa.com,2026-07-23T18:36:19.167Z,Jieba + CC-CEDICT
855,回心转意.com,xn--zbsw0sq2apz5j.com,4,140,i,to change one's mind (idiom),品质价值,74.3,11.25,1,https://vercel.com/domains/search?q=xn--zbsw0sq2apz5j.com,2026-07-23T18:36:19.165Z,Jieba + CC-CEDICT
856,伙食费.com,xn--5oq972mukh.com,3,57,n,food expenses; board expenses; meals (cost),通用品牌,74.3,11.25,1,https://vercel.com/domains/search?q=xn--5oq972mukh.com,2026-07-23T18:42:16.249Z,Jieba + CC-CEDICT
857,哈哈大笑.com,xn--qvra174aiy8b.com,4,1577,l,to laugh heartily; to burst into loud laughter,成语意象,74.3,11.25,1,https://vercel.com/domains/search?q=xn--qvra174aiy8b.com,2026-07-23T18:24:48.083Z,Jieba + CC-CEDICT
858,过来人.com,xn--gmq341dds2a.com,3,56,n,"an experienced person; sb who has ""been around (the block)""; sb who has personally experienced it",通用品牌,74.3,11.25,1,https://vercel.com/domains/search?q=xn--gmq341dds2a.com,2026-07-23T18:42:16.249Z,Jieba + CC-CEDICT
859,理所当然.com,xn--u2tz8dlythwc.com,4,358,i,as it should be by rights (idiom); proper and to be expected as a matter of course; inevitable and right,成语意象,74.2,11.25,1,https://vercel.com/domains/search?q=xn--u2tz8dlythwc.com,2026-07-23T18:24:48.083Z,Jieba + CC-CEDICT
860,小心谨慎.com,xn--yet09f47ay58g.com,4,136,i,cautious and timid (idiom); prudent; careful,品质价值,74.2,11.25,1,https://vercel.com/domains/search?q=xn--yet09f47ay58g.com,2026-07-23T18:36:19.165Z,Jieba + CC-CEDICT
861,服务生.com,xn--zfr188b1ik.com,3,55,n,server (at a restaurant),通用品牌,74.2,11.25,1,https://vercel.com/domains/search?q=xn--zfr188b1ik.com,2026-07-23T18:42:16.249Z,Jieba + CC-CEDICT
862,平安无事.com,xn--3kqp03a69bktl.com,4,135,i,safe and sound (idiom),成语意象,74.1,11.25,1,https://vercel.com/domains/search?q=xn--3kqp03a69bktl.com,2026-07-23T18:36:19.165Z,Jieba + CC-CEDICT
863,恍然大悟.com,xn--pss39nchv99c.com,4,345,i,(idiom) to suddenly realize; to suddenly see the light,成语意象,74.1,11.25,1,https://vercel.com/domains/search?q=xn--pss39nchv99c.com,2026-07-23T18:24:48.083Z,Jieba + CC-CEDICT
864,对撞机.com,xn--cet04rj6b.com,3,53,n,a particle collider,通用品牌,74.1,11.25,1,https://vercel.com/domains/search?q=xn--cet04rj6b.com,2026-07-23T18:42:16.249Z,Jieba + CC-CEDICT
865,冠军赛.com,xn--i7qj8896b.com,3,53,n,championship,通用品牌,74.0,11.25,1,https://vercel.com/domains/search?q=xn--i7qj8896b.com,2026-07-23T18:42:16.249Z,Jieba + CC-CEDICT
866,及时雨.com,xn--horu63b9x9a.com,3,53,i,timely rain; (fig.) timely assistance; timely help,生活审美,74.0,11.25,1,https://vercel.com/domains/search?q=xn--horu63b9x9a.com,2026-07-23T18:42:16.249Z,Jieba + CC-CEDICT
867,运输船.com,xn--3d1a96yhf.com,3,53,n,transport ship,通用品牌,74.0,11.25,1,https://vercel.com/domains/search?q=xn--3d1a96yhf.com,2026-07-23T18:42:16.249Z,Jieba + CC-CEDICT
868,中流砥柱.com,xn--fiqz14dtxdw4m.com,4,343,i,mainstay; cornerstone; tower of strength,成语意象,74.0,11.25,1,https://vercel.com/domains/search?q=xn--fiqz14dtxdw4m.com,2026-07-23T18:36:19.167Z,Jieba + CC-CEDICT
869,培养基.com,xn--l6q01nea.com,3,52,n,culture medium,通用品牌,73.9,11.25,1,https://vercel.com/domains/search?q=xn--l6q01nea.com,2026-07-23T18:42:16.249Z,Jieba + CC-CEDICT
870,长臂猿.com,xn--k8xn32ad1o.com,3,52,n,gibbon; Hylobatidae (gibbon and lesser ape family),通用品牌,73.9,11.25,1,https://vercel.com/domains/search?q=xn--k8xn32ad1o.com,2026-07-23T18:42:16.249Z,Jieba + CC-CEDICT
871,热带雨林.com,xn--8tt13s2whit3b.com,4,335,n,tropical rain forest,生活审美,73.9,11.25,1,https://vercel.com/domains/search?q=xn--8tt13s2whit3b.com,2026-07-23T18:42:16.249Z,Jieba + CC-CEDICT
872,深入人心.com,xn--gmqv8dk4t1yn.com,4,127,i,to enter deeply into people's hearts; to have a real impact on the people (idiom),品质价值,73.8,11.25,1,https://vercel.com/domains/search?q=xn--gmqv8dk4t1yn.com,2026-07-23T18:36:19.165Z,Jieba + CC-CEDICT
873,现代史.com,xn--mnq26jqy6a.com,3,51,n,modern history,内容文化,73.8,11.25,1,https://vercel.com/domains/search?q=xn--mnq26jqy6a.com,2026-07-23T18:42:16.249Z,Jieba + CC-CEDICT
874,总吨位.com,xn--nqq21j6ym.com,3,51,n,overall tonnage (of a shipping fleet or company),通用品牌,73.8,11.25,1,https://vercel.com/domains/search?q=xn--nqq21j6ym.com,2026-07-23T18:42:16.249Z,Jieba + CC-CEDICT
875,打天下.com,xn--ghqv4ycmh.com,3,91,l,to seize power; to conquer the world; to establish and expand a business; to carve out a career for oneself,生活审美,73.7,11.25,1,https://vercel.com/domains/search?q=xn--ghqv4ycmh.com,2026-07-23T18:42:16.249Z,Jieba + CC-CEDICT
876,爆发力.com,xn--tfrz1a267d.com,3,50,n,"explosive power (in athletics, music, dance etc); dynamic intensity",通用品牌,73.7,11.25,1,https://vercel.com/domains/search?q=xn--tfrz1a267d.com,2026-07-23T18:42:16.249Z,Jieba + CC-CEDICT
877,学院派.com,xn--48s282bz63a.com,3,50,n,academism (art),通用品牌,73.7,11.25,1,https://vercel.com/domains/search?q=xn--48s282bz63a.com,2026-07-23T18:42:16.249Z,Jieba + CC-CEDICT
878,显而易见.com,xn--7hvqds41gb2i.com,4,322,i,clearly and easy to see (idiom); obviously; clearly; it goes without saying,成语意象,73.7,11.25,1,https://vercel.com/domains/search?q=xn--7hvqds41gb2i.com,2026-07-23T18:24:48.084Z,Jieba + CC-CEDICT
879,女强人.com,xn--gmq34x1se.com,3,49,n,successful career woman; able woman,通用品牌,73.6,11.25,1,https://vercel.com/domains/search?q=xn--gmq34x1se.com,2026-07-23T18:42:16.249Z,Jieba + CC-CEDICT
880,养殖场.com,xn--l6qx3lz2t.com,3,49,n,livestock or aquaculture farm,通用品牌,73.6,11.25,1,https://vercel.com/domains/search?q=xn--l6qx3lz2t.com,2026-07-23T18:42:16.249Z,Jieba + CC-CEDICT
881,专业户.com,xn--ohqo165m.com,3,49,n,rural household that specializes in a particular type of product; (fig.) specialist,通用品牌,73.6,11.25,1,https://vercel.com/domains/search?q=xn--ohqo165m.com,2026-07-23T18:42:16.249Z,Jieba + CC-CEDICT
882,常规赛.com,xn--rut628g1ic.com,3,235,vn,(sports) regular season,通用品牌,73.5,11.25,1,https://vercel.com/domains/search?q=xn--rut628g1ic.com,2026-07-23T18:42:16.249Z,Jieba + CC-CEDICT
883,出版商.com,xn--79q33fry0b.com,3,48,n,publisher,内容文化,73.5,11.25,1,https://vercel.com/domains/search?q=xn--79q33fry0b.com,2026-07-23T18:42:16.249Z,Jieba + CC-CEDICT
884,分布图.com,xn--kbry4j91g.com,3,48,n,scatter diagram; distribution chart; histogram,内容文化,73.5,11.25,1,https://vercel.com/domains/search?q=xn--kbry4j91g.com,2026-07-23T18:42:16.249Z,Jieba + CC-CEDICT
885,服务台.com,xn--zfr63am33b.com,3,48,n,service desk; information desk; reception desk,通用品牌,73.4,11.25,1,https://vercel.com/domains/search?q=xn--zfr63am33b.com,2026-07-23T18:42:16.249Z,Jieba + CC-CEDICT
886,交易额.com,xn--tlq248c8x9a.com,3,48,n,sum or volume of business transactions; turnover,商业价值,73.4,11.25,1,https://vercel.com/domains/search?q=xn--tlq248c8x9a.com,2026-07-23T18:42:16.249Z,Jieba + CC-CEDICT
887,不经意.com,xn--ihq467b1wv.com,3,234,l,not paying attention; carelessly; by accident,通用品牌,73.4,11.25,1,https://vercel.com/domains/search?q=xn--ihq467b1wv.com,2026-07-23T18:42:16.249Z,Jieba + CC-CEDICT
888,从天而降.com,xn--0mq55wkv6advs.com,4,116,i,(idiom) to fall from the sky; (idiom) (fig.) to appear unexpectedly; to drop into one's lap,生活审美,73.4,11.25,1,https://vercel.com/domains/search?q=xn--0mq55wkv6advs.com,2026-07-23T18:36:19.168Z,Jieba + CC-CEDICT
889,有钱有势.com,xn--ugrz58ba5687b.com,4,301,n,rich and powerful (idiom),成语意象,73.3,11.25,1,https://vercel.com/domains/search?q=xn--ugrz58ba5687b.com,2026-07-23T18:42:16.247Z,Jieba + CC-CEDICT
890,借东风.com,xn--xhqv2c684j.com,3,12,n,lit. to use the eastern wind (idiom); fig. to use sb's help,生活审美,73.3,11.25,1,https://vercel.com/domains/search?q=xn--xhqv2c684j.com,2026-07-23T18:42:16.249Z,Jieba + CC-CEDICT
891,基础课.com,xn--3jsy46ehrn.com,3,45,n,basic course; core curriculum,通用品牌,73.3,11.25,1,https://vercel.com/domains/search?q=xn--3jsy46ehrn.com,2026-07-23T18:42:16.249Z,Jieba + CC-CEDICT
892,聪明伶俐.com,xn--zpq9nk38cg9x.com,4,113,i,(idiom) bright; clever; quick-witted,成语意象,73.2,11.25,1,https://vercel.com/domains/search?q=xn--zpq9nk38cg9x.com,2026-07-23T18:36:19.165Z,Jieba + CC-CEDICT
893,风土人情.com,xn--gmq87r0limp2d.com,4,112,i,local conditions and customs (idiom),生活审美,73.2,11.25,1,https://vercel.com/domains/search?q=xn--gmq87r0limp2d.com,2026-07-23T18:36:19.165Z,Jieba + CC-CEDICT
894,此起彼伏.com,xn--voq431bi3i6k8a.com,4,295,i,"up here, down there (idiom); to rise and fall in succession; no sooner one subsides, the next arises; repeating continuously; occurring again and again (of applause, fires, waves, protests, conflicts, uprisings etc)",成语意象,73.2,11.25,1,https://vercel.com/domains/search?q=xn--voq431bi3i6k8a.com,2026-07-23T18:28:33.159Z,Jieba + CC-CEDICT
895,颗粒物.com,xn--g2xr0t2qx.com,3,43,n,particulate matter (PM),通用品牌,73.1,11.25,1,https://vercel.com/domains/search?q=xn--g2xr0t2qx.com,2026-07-23T18:42:16.249Z,Jieba + CC-CEDICT
896,总方针.com,xn--h9t35jep0c.com,3,43,n,general policy; overall guidelines,通用品牌,73.1,11.25,1,https://vercel.com/domains/search?q=xn--h9t35jep0c.com,2026-07-23T18:42:16.249Z,Jieba + CC-CEDICT
897,兴高采烈.com,xn--e6qr77e9twiuh.com,4,286,i,happy and excited (idiom); in high spirits; in great delight,成语意象,73.1,11.25,1,https://vercel.com/domains/search?q=xn--e6qr77e9twiuh.com,2026-07-23T18:24:48.084Z,Jieba + CC-CEDICT
898,专心致志.com,xn--ohq044bzb335q.com,4,107,i,(idiom) single-minded; fully focused,品质价值,73.1,11.25,1,https://vercel.com/domains/search?q=xn--ohq044bzb335q.com,2026-07-23T18:36:19.167Z,Jieba + CC-CEDICT
899,窗玻璃.com,xn--3cyqqq4m.com,3,42,n,window pane,通用品牌,73.0,11.25,1,https://vercel.com/domains/search?q=xn--3cyqqq4m.com,2026-07-23T18:42:16.249Z,Jieba + CC-CEDICT
900,内陆河.com,xn--v6q957din3a.com,3,42,n,inland river; river draining to inland sea,生活审美,73.0,11.25,1,https://vercel.com/domains/search?q=xn--v6q957din3a.com,2026-07-23T18:42:16.249Z,Jieba + CC-CEDICT
901,举世闻名.com,xn--rhqqd55s563f.com,4,280,i,world-famous (idiom),成语意象,73.0,11.25,1,https://vercel.com/domains/search?q=xn--rhqqd55s563f.com,2026-07-23T18:28:33.159Z,Jieba + CC-CEDICT
902,教学法.com,xn--48s74uj8f.com,3,41,n,teaching method; pedagogy,通用品牌,72.9,11.25,1,https://vercel.com/domains/search?q=xn--48s74uj8f.com,2026-07-23T18:42:16.249Z,Jieba + CC-CEDICT
903,花言巧语.com,xn--gstv23fn6en4b.com,4,104,i,"graceful words, flowery speech (idiom); elegant but insincere words; cheating wheedling; dishonest rhetoric",生活审美,72.9,11.25,1,https://vercel.com/domains/search?q=xn--gstv23fn6en4b.com,2026-07-23T18:36:19.168Z,Jieba + CC-CEDICT
904,记忆犹新.com,xn--45tp5k9vmmky.com,4,104,i,to remain fresh in one's memory (idiom),成语意象,72.9,11.25,1,https://vercel.com/domains/search?q=xn--45tp5k9vmmky.com,2026-07-23T18:36:19.167Z,Jieba + CC-CEDICT
905,语重心长.com,xn--15tz69g6xdfme.com,4,103,i,meaningful and heartfelt words (idiom); sincere and earnest wishes,品质价值,72.8,11.25,1,https://vercel.com/domains/search?q=xn--15tz69g6xdfme.com,2026-07-23T18:36:19.167Z,Jieba + CC-CEDICT
906,交通费.com,xn--tlqr93mf2b.com,3,40,n,transport costs,通用品牌,72.8,11.25,1,https://vercel.com/domains/search?q=xn--tlqr93mf2b.com,2026-07-23T18:42:16.249Z,Jieba + CC-CEDICT
907,饲养业.com,xn--vhq25fd65g.com,3,40,n,stock farming; animal husbandry,通用品牌,72.8,11.25,1,https://vercel.com/domains/search?q=xn--vhq25fd65g.com,2026-07-23T18:42:16.249Z,Jieba + CC-CEDICT
908,听天由命.com,xn--9qr4gx6kep9a.com,4,101,i,(idiom) to submit to the will of heaven; to resign oneself to fate; to trust to luck,生活审美,72.8,11.25,1,https://vercel.com/domains/search?q=xn--9qr4gx6kep9a.com,2026-07-23T18:36:19.168Z,Jieba + CC-CEDICT
909,定位球.com,xn--nqqs31ax5s.com,3,39,n,"(football) set piece (a restart of play following a stoppage, including free kicks, corner kicks, penalty kicks, goal kicks and throw-ins)",通用品牌,72.7,11.25,1,https://vercel.com/domains/search?q=xn--nqqs31ax5s.com,2026-07-23T18:42:16.249Z,Jieba + CC-CEDICT
910,发射台.com,xn--oorsc293a.com,3,39,n,"launchpad; (radio, TV) transmitter",通用品牌,72.7,11.25,1,https://vercel.com/domains/search?q=xn--oorsc293a.com,2026-07-23T18:42:16.249Z,Jieba + CC-CEDICT
911,联欢会.com,xn--6oq369dcro.com,3,39,n,social gathering; party,通用品牌,72.7,11.25,1,https://vercel.com/domains/search?q=xn--6oq369dcro.com,2026-07-23T18:42:16.249Z,Jieba + CC-CEDICT
912,英语系.com,xn--r9z05jfvi.com,3,39,n,anglophone; English department,通用品牌,72.6,11.25,1,https://vercel.com/domains/search?q=xn--r9z05jfvi.com,2026-07-23T18:42:16.249Z,Jieba + CC-CEDICT
913,堆积如山.com,xn--gks87an8d280c.com,4,99,i,to pile up like a mountain (idiom); a mountain of (paperwork etc); a large number of sth,生活审美,72.6,11.25,1,https://vercel.com/domains/search?q=xn--gks87an8d280c.com,2026-07-23T18:36:19.167Z,Jieba + CC-CEDICT
914,空城计.com,xn--uist02foyl.com,3,38,n,"the empty city stratagem (in which Zhuge Liang presents himself as unperturbed while making it evident that his city is undefended, hoping his adversary will suspect an ambush); double bluff",通用品牌,72.6,11.25,1,https://vercel.com/domains/search?q=xn--uist02foyl.com,2026-07-23T18:42:16.249Z,Jieba + CC-CEDICT
915,全神贯注.com,xn--15q538dozi12t.com,4,259,i,(idiom) to concentrate one's attention completely; with rapt attention,成语意象,72.5,11.25,1,https://vercel.com/domains/search?q=xn--15q538dozi12t.com,2026-07-23T18:28:33.159Z,Jieba + CC-CEDICT
916,工艺美术.com,xn--ests0s0ouqvc.com,4,168,l,applied art,内容文化,72.5,11.25,1,https://vercel.com/domains/search?q=xn--ests0s0ouqvc.com,2026-07-23T18:39:10.418Z,Jieba + CC-CEDICT
917,层出不穷.com,xn--ihq98gu9k3p5a.com,4,251,i,more and more emerge; innumerable succession; breeding like flies (idiom),成语意象,72.5,11.25,1,https://vercel.com/domains/search?q=xn--ihq98gu9k3p5a.com,2026-07-23T18:28:33.160Z,Jieba + CC-CEDICT
918,使眼色.com,xn--2rqs28g9oh.com,3,184,l,to give sb a meaningful look,生活审美,72.5,11.25,1,https://vercel.com/domains/search?q=xn--2rqs28g9oh.com,2026-07-23T18:42:16.249Z,Jieba + CC-CEDICT
919,雷厉风行.com,xn--mmru14j2gj4xb.com,4,92,i,pass like thunder and move like the wind (idiom); swift and decisive reaction,生活审美,72.4,11.25,1,https://vercel.com/domains/search?q=xn--mmru14j2gj4xb.com,2026-07-23T18:36:19.165Z,Jieba + CC-CEDICT
920,想方设法.com,xn--qfu39h99glu8a.com,4,245,i,"to think up every possible method (idiom); to devise ways and means; to try this, that and the other",成语意象,72.4,11.25,1,https://vercel.com/domains/search?q=xn--qfu39h99glu8a.com,2026-07-23T18:28:33.160Z,Jieba + CC-CEDICT
921,冰天雪地.com,xn--37qx7kjvb0v3j.com,4,91,i,a world of ice and snow,生活审美,72.4,11.25,1,https://vercel.com/domains/search?q=xn--37qx7kjvb0v3j.com,2026-07-23T18:39:10.415Z,Jieba + CC-CEDICT
922,头晕眼花.com,xn--2ss881a58mhzk.com,4,91,i,to faint with blurred vision (idiom); dizzy and eyes dimmed,生活审美,72.3,11.25,1,https://vercel.com/domains/search?q=xn--2ss881a58mhzk.com,2026-07-23T18:36:19.168Z,Jieba + CC-CEDICT
923,求知欲.com,xn--okwpwj3z.com,3,35,i,desire for knowledge,通用品牌,72.3,11.25,1,https://vercel.com/domains/search?q=xn--okwpwj3z.com,2026-07-23T18:42:16.249Z,Jieba + CC-CEDICT
924,掉以轻心.com,xn--onq042b0yc0z4d.com,4,90,i,to treat sth lightly; to lower one's guard,品质价值,72.3,11.25,1,https://vercel.com/domains/search?q=xn--onq042b0yc0z4d.com,2026-07-23T18:39:10.414Z,Jieba + CC-CEDICT
925,心事重重.com,xn--3kqq33bbz1ba.com,4,90,i,to have a lot on one's mind; to be laden with anxiety,品质价值,72.2,11.25,1,https://vercel.com/domains/search?q=xn--3kqq33bbz1ba.com,2026-07-23T18:39:10.414Z,Jieba + CC-CEDICT
926,当之无愧.com,xn--9iqz82bflbf0i.com,4,238,i,"fully deserving, without any reservations (idiom); entirely worthy (of a title, honor etc)",成语意象,72.2,11.25,1,https://vercel.com/domains/search?q=xn--9iqz82bflbf0i.com,2026-07-23T18:36:19.165Z,Jieba + CC-CEDICT
927,心平气和.com,xn--0tr53u12any2a.com,4,86,i,tranquil and even-tempered (idiom); calmly and without stress,品质价值,72.2,11.25,1,https://vercel.com/domains/search?q=xn--0tr53u12any2a.com,2026-07-23T18:36:19.165Z,Jieba + CC-CEDICT
928,天差地远.com,xn--cest9bx6g386d.com,4,28,i,poles apart (idiom); entirely different,生活审美,72.2,11.25,1,https://vercel.com/domains/search?q=xn--cest9bx6g386d.com,2026-07-23T18:39:10.415Z,Jieba + CC-CEDICT
929,久而久之.com,xn--3iqas0602c.com,4,229,i,over time; as time passes; in the fullness of time,成语意象,72.1,11.25,1,https://vercel.com/domains/search?q=xn--3iqas0602c.com,2026-07-23T18:36:19.168Z,Jieba + CC-CEDICT
930,千家万户.com,xn--chq70koril2g.com,4,229,i,every family (idiom),成语意象,72.1,11.25,1,https://vercel.com/domains/search?q=xn--chq70koril2g.com,2026-07-23T18:36:19.165Z,Jieba + CC-CEDICT
931,推心置腹.com,xn--15tp0gq76a11b.com,4,84,i,to give one's bare heart into sb else's keeping (idiom); sb has one's absolute confidence; to trust completely; to confide in sb with entire sincerity,品质价值,72.1,11.25,1,https://vercel.com/domains/search?q=xn--15tp0gq76a11b.com,2026-07-23T18:36:19.167Z,Jieba + CC-CEDICT
932,念念不忘.com,xn--ihqr74bpca.com,4,213,i,to keep in mind constantly (idiom),成语意象,72.0,11.25,1,https://vercel.com/domains/search?q=xn--ihqr74bpca.com,2026-07-23T18:36:19.165Z,Jieba + CC-CEDICT
933,兴致勃勃.com,xn--e6qt5aa6349b.com,4,213,i,to become exhilarated (idiom); in high spirits; full of zest,成语意象,72.0,11.25,1,https://vercel.com/domains/search?q=xn--e6qt5aa6349b.com,2026-07-23T18:28:33.159Z,Jieba + CC-CEDICT
934,理直气壮.com,xn--2qs985blyfz5c.com,4,212,i,in the right and self-confident (idiom); bold and confident with justice on one's side; to have the courage of one's convictions; just and forceful,成语意象,72.0,11.25,1,https://vercel.com/domains/search?q=xn--2qs985blyfz5c.com,2026-07-23T18:36:19.165Z,Jieba + CC-CEDICT
935,瞒天过海.com,xn--rss858bylhjiz.com,4,25,i,to cross the sea by a trick (idiom); to achieve one's aim by underhanded means,生活审美,71.9,11.25,1,https://vercel.com/domains/search?q=xn--rss858bylhjiz.com,2026-07-23T18:39:10.415Z,Jieba + CC-CEDICT
936,行之有效.com,xn--9iq537cqhbd91e.com,4,210,i,to be effective (idiom),商业价值,71.9,11.25,1,https://vercel.com/domains/search?q=xn--9iq537cqhbd91e.com,2026-07-23T18:28:33.159Z,Jieba + CC-CEDICT
937,轩然大波.com,xn--pss027b68csz3b.com,4,209,i,huge waves; (fig.) ruckus; controversy; sensation,成语意象,71.9,11.25,1,https://vercel.com/domains/search?q=xn--pss027b68csz3b.com,2026-07-23T18:36:19.167Z,Jieba + CC-CEDICT
938,不起眼.com,xn--ihqx71h1zo.com,3,153,l,unremarkable; nothing out of the ordinary,通用品牌,71.9,11.25,1,https://vercel.com/domains/search?q=xn--ihqx71h1zo.com,2026-07-23T18:42:16.249Z,Jieba + CC-CEDICT
939,明目张胆.com,xn--e1t27mkzpbjj.com,4,76,i,openly and without fear; brazenly,成语意象,71.8,11.25,1,https://vercel.com/domains/search?q=xn--e1t27mkzpbjj.com,2026-07-23T18:39:10.415Z,Jieba + CC-CEDICT
940,七零八落.com,xn--7gqw6ff18dzwp.com,4,205,i,(idiom) everything broken and in disorder,成语意象,71.8,11.25,1,https://vercel.com/domains/search?q=xn--7gqw6ff18dzwp.com,2026-07-23T18:36:19.165Z,Jieba + CC-CEDICT
941,替天行道.com,xn--rssv53a04z4yg.com,4,75,i,(idiom) to enforce justice on behalf of Heaven,生活审美,71.8,11.25,1,https://vercel.com/domains/search?q=xn--rssv53a04z4yg.com,2026-07-23T18:36:19.167Z,Jieba + CC-CEDICT
942,意气风发.com,xn--oorz12a2riu68b.com,4,75,i,(idiom) high-spirited; full of mettle,生活审美,71.7,11.25,1,https://vercel.com/domains/search?q=xn--oorz12a2riu68b.com,2026-07-23T18:36:19.167Z,Jieba + CC-CEDICT
943,不慌不忙.com,xn--ihqa287kmlb.com,4,202,i,(idiom) calm; unhurried; composed,成语意象,71.7,11.25,1,https://vercel.com/domains/search?q=xn--ihqa287kmlb.com,2026-07-23T18:36:19.165Z,Jieba + CC-CEDICT
944,推陈出新.com,xn--79qv44bvobx07g.com,4,74,i,to push out the old and bring in the new (idiom); to innovate,成语意象,71.7,11.25,1,https://vercel.com/domains/search?q=xn--79qv44bvobx07g.com,2026-07-23T18:36:19.167Z,Jieba + CC-CEDICT
945,安分守己.com,xn--kbrr5uba08v.com,4,73,i,to be content with one's lot (idiom); to know one's place,成语意象,71.6,11.25,1,https://vercel.com/domains/search?q=xn--kbrr5uba08v.com,2026-07-23T18:36:19.165Z,Jieba + CC-CEDICT
946,同甘苦.com,xn--dqry28e6oj.com,3,27,i,to share joys and sorrows; sharing good times and hard times; same as 同甘共苦,通用品牌,71.6,11.25,1,https://vercel.com/domains/search?q=xn--dqry28e6oj.com,2026-07-23T18:42:16.249Z,Jieba + CC-CEDICT
947,天旋地转.com,xn--cest9bhzv825b.com,4,72,i,"the sky spins, the earth goes round (idiom); giddy with one's head spinning; fig. huge changes in the world",生活审美,71.6,11.25,1,https://vercel.com/domains/search?q=xn--cest9bhzv825b.com,2026-07-23T18:39:10.414Z,Jieba + CC-CEDICT
948,说明会.com,xn--6oq727cuz0a.com,3,51,l,information meeting,通用品牌,71.6,11.25,1,https://vercel.com/domains/search?q=xn--6oq727cuz0a.com,2026-07-23T18:42:16.249Z,Jieba + CC-CEDICT
949,应运而生.com,xn--extt51czwhi0p.com,4,194,i,to emerge to meet a historic destiny (idiom); to arise at an opportune time; able to take advantage of an opportunity; to rise to the occasion,成语意象,71.5,11.25,1,https://vercel.com/domains/search?q=xn--extt51czwhi0p.com,2026-07-23T18:28:33.160Z,Jieba + CC-CEDICT
950,风尘仆仆.com,xn--smqa243hhg3d.com,4,71,i,lit. covered in dust (idiom); fig. travel-worn,生活审美,71.5,11.25,1,https://vercel.com/domains/search?q=xn--smqa243hhg3d.com,2026-07-23T18:36:19.165Z,Jieba + CC-CEDICT
951,斩钉截铁.com,xn--mous1fuu0dpga.com,4,193,i,(lit.) to chop the nail and slice the iron (idiom); (fig.) resolute and decisive; unhesitating; categorical,成语意象,71.5,11.25,1,https://vercel.com/domains/search?q=xn--mous1fuu0dpga.com,2026-07-23T18:36:19.167Z,Jieba + CC-CEDICT
952,吞吞吐吐.com,xn--hqra4ba.com,4,189,i,"to hum and haw (idiom); to mumble as if hiding sth; to speak and break off, then start again; to hold sth back",成语意象,71.4,11.25,1,https://vercel.com/domains/search?q=xn--hqra4ba.com,2026-07-23T18:36:19.167Z,Jieba + CC-CEDICT
953,滔滔不绝.com,xn--ihqx21fa535n.com,4,188,i,(idiom) to produce a torrent of words; to talk on and on,成语意象,71.4,11.25,1,https://vercel.com/domains/search?q=xn--ihqx21fa535n.com,2026-07-23T18:36:19.167Z,Jieba + CC-CEDICT
954,无声无息.com,xn--4qs67omxeba.com,4,186,i,wordless and uncommunicative (idiom); without speaking; taciturn; not providing any news,内容文化,71.4,11.25,1,https://vercel.com/domains/search?q=xn--4qs67omxeba.com,2026-07-23T18:36:19.167Z,Jieba + CC-CEDICT
955,精明强干.com,xn--fwt5q92o0nz.com,4,68,i,intelligent and capable (idiom),成语意象,71.3,11.25,1,https://vercel.com/domains/search?q=xn--fwt5q92o0nz.com,2026-07-23T18:36:19.165Z,Jieba + CC-CEDICT
956,漫山遍野.com,xn--rhtr94bchy9ib.com,4,68,i,lit. covering the mountains and the plains (idiom); fig. as far as the eye can see; covering everything; omnipresent,生活审美,71.3,11.25,1,https://vercel.com/domains/search?q=xn--rhtr94bchy9ib.com,2026-07-23T18:36:19.168Z,Jieba + CC-CEDICT
957,夜里.com,xn--ess223k.com,2,1459,t,during the night; at night; nighttime,通用品牌,71.3,11.25,1,https://vercel.com/domains/search?q=xn--ess223k.com,2026-07-23T18:36:19.167Z,Jieba + CC-CEDICT
958,前仆后继.com,xn--smqu9fsubv91g.com,4,184,i,"one falls, the next follows (idiom); stepping into the breach to replace fallen comrades; advancing wave upon wave",成语意象,71.3,11.25,1,https://vercel.com/domains/search?q=xn--smqu9fsubv91g.com,2026-07-23T18:36:19.167Z,Jieba + CC-CEDICT
959,如花似玉.com,xn--5pq43wfzvn1n.com,4,67,i,"delicate as a flower, refined as a precious jade (idiom); (of a woman) exquisite",生活审美,71.2,11.25,1,https://vercel.com/domains/search?q=xn--5pq43wfzvn1n.com,2026-07-23T18:36:19.168Z,Jieba + CC-CEDICT
960,心血来潮.com,xn--15tv3ol6gey0a.com,4,67,i,to be prompted by a sudden impulse; carried away by a whim; to have a brainstorm,品质价值,71.2,11.25,1,https://vercel.com/domains/search?q=xn--15tv3ol6gey0a.com,2026-07-23T18:39:10.415Z,Jieba + CC-CEDICT
961,乐此不疲.com,xn--ihq2fy27fsej.com,4,66,i,(idiom) to enjoy sth and never tire of it,内容文化,71.2,11.25,1,https://vercel.com/domains/search?q=xn--ihq2fy27fsej.com,2026-07-23T18:36:19.168Z,Jieba + CC-CEDICT
962,心服口服.com,xn--6or39y7yfba.com,4,66,i,(idiom) to accept wholeheartedly; to embrace; to be won over,品质价值,71.1,11.25,1,https://vercel.com/domains/search?q=xn--6or39y7yfba.com,2026-07-23T18:36:19.168Z,Jieba + CC-CEDICT
963,有朝一日.com,xn--4gq759c8yakc.com,4,180,i,one day; sometime in the future,成语意象,71.1,11.25,1,https://vercel.com/domains/search?q=xn--4gq759c8yakc.com,2026-07-23T18:36:19.168Z,Jieba + CC-CEDICT
964,尽心尽力.com,xn--tfrz7ta127a.com,4,65,i,making an all-out effort (idiom); to try one's heart out; to do one's utmost,品质价值,71.1,11.25,1,https://vercel.com/domains/search?q=xn--tfrz7ta127a.com,2026-07-23T18:36:19.165Z,Jieba + CC-CEDICT
965,相安无事.com,xn--3kqp03a54hcyr.com,4,65,i,(idiom) to live together in harmony,成语意象,71.0,11.25,1,https://vercel.com/domains/search?q=xn--3kqp03a54hcyr.com,2026-07-23T18:36:19.168Z,Jieba + CC-CEDICT
966,坚持不懈.com,xn--ihqp0u5uiz9a.com,4,176,i,(idiom) to persevere unremittingly; to keep going until the end,成语意象,71.0,11.25,1,https://vercel.com/domains/search?q=xn--ihqp0u5uiz9a.com,2026-07-23T18:36:19.167Z,Jieba + CC-CEDICT
967,油然而生.com,xn--uvws9g2zdwzo.com,4,113,i,arising involuntarily (idiom); spontaneous; to spring up unbidden (of emotion),成语意象,71.0,11.25,1,https://vercel.com/domains/search?q=xn--uvws9g2zdwzo.com,2026-07-23T18:36:19.164Z,Jieba + CC-CEDICT
968,活灵活现.com,xn--kzwa19vtse.com,4,39,i,"living spirit, living image (idiom); true to life; vivid and realistic",成语意象,71.0,11.25,1,https://vercel.com/domains/search?q=xn--kzwa19vtse.com,2026-07-23T18:36:19.165Z,Jieba + CC-CEDICT
969,栩栩如生.com,xn--bvsv45aa783k.com,4,145,i,vivid and lifelike (idiom); true to life; realistic,成语意象,70.9,11.25,1,https://vercel.com/domains/search?q=xn--bvsv45aa783k.com,2026-07-23T18:36:19.165Z,Jieba + CC-CEDICT
970,翻山越岭.com,xn--rht6em89hzll.com,4,46,i,lit. to pass over mountain ridges (idiom); fig. hardships of the journey,生活审美,70.9,11.25,1,https://vercel.com/domains/search?q=xn--rht6em89hzll.com,2026-07-23T18:36:19.167Z,Jieba + CC-CEDICT
971,易如反掌.com,xn--korr6klwj4rc.com,4,106,i,easy as a hand's turn (idiom); very easy; no effort at all,成语意象,70.9,11.25,1,https://vercel.com/domains/search?q=xn--korr6klwj4rc.com,2026-07-23T18:36:19.167Z,Jieba + CC-CEDICT
972,载歌载舞.com,xn--flwu00cmojba.com,4,96,i,singing and dancing (idiom); festive celebrations,成语意象,70.8,11.25,1,https://vercel.com/domains/search?q=xn--flwu00cmojba.com,2026-07-23T18:36:19.167Z,Jieba + CC-CEDICT
973,若无其事.com,xn--3kqx4e650a9l1a.com,4,169,i,(idiom) as if nothing had happened; calm and composed; nonchalant,成语意象,70.8,11.25,1,https://vercel.com/domains/search?q=xn--3kqx4e650a9l1a.com,2026-07-23T18:36:19.167Z,Jieba + CC-CEDICT
974,鸦雀无声.com,xn--4qsx41api2bpgg.com,4,168,i,lit. crow and peacock make no sound; absolute silence (idiom); not a single voice can be heard; absolute silence,内容文化,70.8,11.25,1,https://vercel.com/domains/search?q=xn--4qsx41api2bpgg.com,2026-07-23T18:36:19.167Z,Jieba + CC-CEDICT
975,力所能及.com,xn--tfr80ar05al33a.com,4,92,i,as far as one's capabilities extend (idiom); to the best of one's ability; within one's powers,成语意象,70.7,11.25,1,https://vercel.com/domains/search?q=xn--tfr80ar05al33a.com,2026-07-23T18:36:19.167Z,Jieba + CC-CEDICT
976,精神抖擞.com,xn--prus4c134azfd.com,4,88,i,spirit trembling with excitement (idiom); in high spirits; lively and full of enthusiasm; full of energy; con brio,成语意象,70.7,11.25,1,https://vercel.com/domains/search?q=xn--prus4c134azfd.com,2026-07-23T18:36:19.167Z,Jieba + CC-CEDICT
977,坚贞不屈.com,xn--ihqp0uh4d0z5d.com,4,157,i,faithful and unchanging (idiom); steadfast,成语意象,70.7,11.25,1,https://vercel.com/domains/search?q=xn--ihqp0uh4d0z5d.com,2026-07-23T18:36:19.167Z,Jieba + CC-CEDICT
978,如雷贯耳.com,xn--bvs631g5uifzj.com,4,43,i,lit. like thunder piercing the ear; a well-known reputation (idiom),成语意象,70.7,11.25,1,https://vercel.com/domains/search?q=xn--bvs631g5uifzj.com,2026-07-23T18:39:10.415Z,Jieba + CC-CEDICT
979,适可而止.com,xn--jprq95coto66o.com,4,41,i,(idiom) to refrain from going too far; to know when to stop,成语意象,70.6,11.25,1,https://vercel.com/domains/search?q=xn--jprq95coto66o.com,2026-07-23T18:39:10.415Z,Jieba + CC-CEDICT
980,无话不谈.com,xn--ihqr49cu10a7ea.com,4,41,i,not to hold anything back (idiom); (of close friends etc) to tell each other everything,成语意象,70.6,11.25,1,https://vercel.com/domains/search?q=xn--ihqr49cu10a7ea.com,2026-07-23T18:39:10.415Z,Jieba + CC-CEDICT
981,蔚然成风.com,xn--vnu105ap4osss.com,4,43,l,to have become common practice (idiom); to become a general trend,生活审美,70.6,11.25,1,https://vercel.com/domains/search?q=xn--vnu105ap4osss.com,2026-07-23T18:39:10.415Z,Jieba + CC-CEDICT
982,另眼相看.com,xn--9or092fwbyk.com,4,91,i,to treat sb favorably; to view in a new light,成语意象,70.5,11.25,1,https://vercel.com/domains/search?q=xn--9or092fwbyk.com,2026-07-23T18:39:10.415Z,Jieba + CC-CEDICT
983,有史以来.com,xn--onqx6j4ttuka.com,4,292,l,since the beginning of history,内容文化,70.5,11.25,1,https://vercel.com/domains/search?q=xn--onqx6j4ttuka.com,2026-07-23T18:39:10.418Z,Jieba + CC-CEDICT
984,一干二净.com,xn--4gq2m45fn3s.com,4,115,l,thoroughly (idiom); completely; one and all; very clean,成语意象,70.5,11.25,1,https://vercel.com/domains/search?q=xn--4gq2m45fn3s.com,2026-07-23T18:39:10.418Z,Jieba + CC-CEDICT
985,公之于众.com,xn--9iq3fvp30f.com,4,29,i,to make known to the masses (idiom); to publicize widely; to let the world know,成语意象,70.4,11.25,1,https://vercel.com/domains/search?q=xn--9iq3fvp30f.com,2026-07-23T18:42:16.247Z,Jieba + CC-CEDICT
986,亲朋好友.com,xn--7lq17j7tftmq.com,4,123,l,friends and family; kith and kin,成语意象,70.4,11.25,1,https://vercel.com/domains/search?q=xn--7lq17j7tftmq.com,2026-07-23T18:42:16.247Z,Jieba + CC-CEDICT
987,闻名于世.com,xn--rhq3kp9l563f.com,4,153,l,world-famous,成语意象,70.4,11.25,1,https://vercel.com/domains/search?q=xn--rhq3kp9l563f.com,2026-07-23T18:42:16.249Z,Jieba + CC-CEDICT
988,价廉物美.com,xn--6nqp99awyoumm.com,4,35,l,inexpensive and of good quality (idiom),生活审美,70.4,11.25,1,https://vercel.com/domains/search?q=xn--6nqp99awyoumm.com,2026-07-23T18:42:16.249Z,Jieba + CC-CEDICT
989,手到擒来.com,xn--rcr850br0blyd.com,4,62,l,stretch a hand and grab it (idiom); very easy,成语意象,70.3,11.25,1,https://vercel.com/domains/search?q=xn--rcr850br0blyd.com,2026-07-23T18:42:16.249Z,Jieba + CC-CEDICT
990,机不可失.com,xn--ihq46ln1et0q.com,4,60,l,No time to lose! (idiom),成语意象,70.3,11.25,1,https://vercel.com/domains/search?q=xn--ihq46ln1et0q.com,2026-07-23T18:42:16.249Z,Jieba + CC-CEDICT
991,人之常情.com,xn--9iq6jj42bwoc.com,4,58,l,human nature (idiom); a behavior that is only natural,成语意象,70.3,11.25,1,https://vercel.com/domains/search?q=xn--9iq6jj42bwoc.com,2026-07-23T18:42:16.249Z,Jieba + CC-CEDICT
992,家家户户.com,xn--fcta901ca.com,4,138,n,each and every family (idiom); every household,成语意象,70.2,11.25,1,https://vercel.com/domains/search?q=xn--fcta901ca.com,2026-07-23T18:42:16.249Z,Jieba + CC-CEDICT
993,化敌为友.com,xn--siq41jtp837c.com,4,44,l,to convert an enemy into a friend (idiom),成语意象,70.2,11.25,1,https://vercel.com/domains/search?q=xn--siq41jtp837c.com,2026-07-23T18:42:16.249Z,Jieba + CC-CEDICT
994,为人师表.com,xn--siqzly50b1j5b.com,4,44,l,to serve as a model for others (idiom); to be a worthy teacher,成语意象,70.2,11.25,1,https://vercel.com/domains/search?q=xn--siqzly50b1j5b.com,2026-07-23T18:42:16.249Z,Jieba + CC-CEDICT
995,宇宙观.com,xn--29sob544w.com,3,40,l,world view; conception of the universe,通用品牌,70.1,11.25,1,https://vercel.com/domains/search?q=xn--29sob544w.com,2026-07-23T18:42:16.249Z,Jieba + CC-CEDICT
996,共患难.com,xn--b6q538ai14b.com,3,37,l,to go through hardship together,通用品牌,70.1,11.25,1,https://vercel.com/domains/search?q=xn--b6q538ai14b.com,2026-07-23T18:42:16.249Z,Jieba + CC-CEDICT
997,开门红.com,xn--h0t171ex4p.com,3,43,l,a good beginning,通用品牌,70.1,11.25,1,https://vercel.com/domains/search?q=xn--h0t171ex4p.com,2026-07-23T18:42:16.249Z,Jieba + CC-CEDICT
998,三足鼎立.com,xn--ehq040i33l1lq.com,4,31,i,(idiom) to form a tripartite balance of power,成语意象,70.1,11.25,1,https://vercel.com/domains/search?q=xn--ehq040i33l1lq.com,2026-07-23T18:39:10.418Z,Jieba + CC-CEDICT
999,争分夺秒.com,xn--1kqw8fc6hvr0b.com,4,31,i,"lit. fight minutes, snatch seconds (idiom); a race against time; making every second count",成语意象,70.0,11.25,1,https://vercel.com/domains/search?q=xn--1kqw8fc6hvr0b.com,2026-07-23T18:42:16.247Z,Jieba + CC-CEDICT
1000,古往今来.com,xn--wmq27j0xl91h.com,4,136,l,since ancient times; since times immemorial,成语意象,70.0,11.25,1,https://vercel.com/domains/search?q=xn--wmq27j0xl91h.com,2026-07-23T18:42:16.249Z,Jieba + CC-CEDICT
